-- MySQL dump 10.13  Distrib 8.0.23, for Win64 (x86_64)
--
-- Host: 51.159.24.60    Database: test_users_genders_adresses
-- ------------------------------------------------------
-- Server version	8.0.21

/*!40101 SET @OLD_CHARACTER_SET_CLIENT=@@CHARACTER_SET_CLIENT */;
/*!40101 SET @OLD_CHARACTER_SET_RESULTS=@@CHARACTER_SET_RESULTS */;
/*!40101 SET @OLD_COLLATION_CONNECTION=@@COLLATION_CONNECTION */;
/*!50503 SET NAMES utf8mb4 */;
/*!40103 SET @OLD_TIME_ZONE=@@TIME_ZONE */;
/*!40103 SET TIME_ZONE='+00:00' */;
/*!40014 SET @OLD_UNIQUE_CHECKS=@@UNIQUE_CHECKS, UNIQUE_CHECKS=0 */;
/*!40014 SET @OLD_FOREIGN_KEY_CHECKS=@@FOREIGN_KEY_CHECKS, FOREIGN_KEY_CHECKS=0 */;
/*!40101 SET @OLD_SQL_MODE=@@SQL_MODE, SQL_MODE='NO_AUTO_VALUE_ON_ZERO' */;
/*!40111 SET @OLD_SQL_NOTES=@@SQL_NOTES, SQL_NOTES=0 */;
SET @MYSQLDUMP_TEMP_LOG_BIN = @@SESSION.SQL_LOG_BIN;
SET @@SESSION.SQL_LOG_BIN= 0;


--
-- Table structure for table `addresses`
--

DROP TABLE IF EXISTS `addresses`;
/*!40101 SET @saved_cs_client     = @@character_set_client */;
/*!50503 SET character_set_client = utf8mb4 */;
CREATE TABLE `addresses` (
  `id` int NOT NULL,
  `name` text,
  `address` text,
  `city` text,
  `country` text,
  PRIMARY KEY (`id`)
) ENGINE=InnoDB DEFAULT CHARSET=utf8mb4 COLLATE=utf8mb4_0900_ai_ci;
/*!40101 SET character_set_client = @saved_cs_client */;

--
-- Dumping data for table `addresses`
--

INSERT INTO `addresses` VALUES (1,'Podcat','46057 Monument Road','Dzerzhinskiy','RU'),(2,'Zooveo','159 Arrowood Center','Payao','PH'),(3,'Lazz','428 East Road','Zagnitkiv','UA'),(4,'Kimia','82 6th Crossing','Lianjiangkou','CN'),(5,'Twitterworks','9 Brown Avenue','Kandangan','ID'),(6,'Buzzdog','47210 Pankratz Plaza','Boñgalon','PH'),(7,'Photospace','896 5th Hill','Smínthi','GR'),(8,'Youspan','9315 Fieldstone Court','Trongsa','BT'),(9,'Devshare','596 Fieldstone Circle','Bājitpur','BD'),(10,'Meezzy','89958 Cordelia Place','Hörby','SE'),(11,'Mynte','8805 Goodland Court','Talayan','PH'),(12,'BlogXS','7 Cascade Drive','Arcos','BR'),(13,'Topiczoom','2878 Eggendart Plaza','Västerås','SE'),(14,'Aimbo','52093 Straubel Street','Lišov','CZ'),(15,'Rhyzio','5 Truax Junction','Lianokládhion','GR'),(16,'Devpoint','1 Prairieview Trail','Juazeiro do Norte','BR'),(17,'Mydo','7 Acker Plaza','Houston','US'),(18,'Twinte','890 Kim Plaza','Grodzisk Mazowiecki','PL'),(19,'Teklist','64902 Merchant Avenue','Chyżne','PL'),(20,'Realfire','7189 Michigan Terrace','Horgo','MN'),(21,'Skilith','4525 Gulseth Junction','Fada','TD'),(22,'Oyonder','05 Eagan Alley','Shahezi','CN'),(23,'Voonte','96 6th Hill','Sun Kunda','GM'),(24,'Jamia','6 Reindahl Point','Woerden','NL'),(25,'Jabbercube','2765 Veith Parkway','Itatinga','BR'),(26,'Kimia','2188 Drewry Drive','Jindaoxia','CN'),(27,'Tagopia','62598 Dawn Pass','Kutum','SD'),(28,'Kayveo','8 Hoepker Circle','Killumney','IE'),(29,'BlogXS','6 John Wall Street','Donghe','CN'),(30,'Camido','25305 Prentice Center','Simao','CN'),(31,'Yakidoo','039 Loftsgordon Way','Nikita','UA'),(32,'Zoomlounge','65 Independence Plaza','Bayangol','RU'),(33,'Wikizz','73 Granby Drive','Tangub','PH'),(34,'BlogXS','54362 Emmet Road','San José de Colinas','HN'),(35,'Rhynoodle','2 Amoth Trail','Soa','ID'),(36,'Meembee','47 Paget Hill','Bangluo','CN'),(37,'Youbridge','89 Springs Parkway','Grenoble','FR'),(38,'Zoozzy','21 Superior Trail','Karney Shomron','PS'),(39,'Blogtags','2312 Grayhawk Avenue','Qingshan','CN'),(40,'Rhynoodle','38 Dahle Parkway','El Sombrero','VE'),(41,'Fiveclub','63 Lotheville Drive','Ramalhal','PT'),(42,'Aivee','16 Waywood Center','Dashiqiao','CN'),(43,'Jaxnation','7 Norway Maple Park','Repki','PL'),(44,'Zoombox','8740 Crowley Lane','Baiyin','CN'),(45,'Brightdog','484 Reinke Pass','Jinping','CN'),(46,'Dazzlesphere','01188 Alpine Alley','Gaoqiao','CN'),(47,'Voomm','72 Toban Trail','Huddinge','SE'),(48,'Brainbox','892 Thompson Court','Sukasetia','ID'),(49,'Yadel','7 Thierer Court','Xinxing','CN'),(50,'Feedbug','6099 Hintze Way','Mandiana','GN'),(51,'Zoomzone','60 Annamark Park','Casal de São João','PT'),(52,'Realcube','593 Esch Hill','Maradabangga','ID'),(53,'Layo','29 Pepper Wood Street','Kuala Lumpur','MY'),(54,'Yadel','95 Chive Plaza','Wangcheng','CN'),(55,'Skaboo','67 Hansons Hill','Lüyang','CN'),(56,'Photobug','5 Butterfield Place','Abang','ID'),(57,'Quatz','90 Ridge Oak Circle','Jieshou','CN'),(58,'Chatterbridge','883 Novick Lane','Sukacai','ID'),(59,'Skippad','91 East Pass','Đưc Trọng','VN'),(60,'Oyoyo','16 Mandrake Plaza','Dowlatyār','AF'),(61,'Thoughtworks','61076 Anthes Plaza','Gordon Town','JM'),(62,'Mybuzz','37330 Shopko Crossing','Peteranec','HR'),(63,'Leenti','8 Kensington Center','Despotovac','RS'),(64,'Browsebug','6 Lawn Terrace','Luzino','PL'),(65,'Skipfire','919 Gerald Plaza','Asyūţ','EG'),(66,'Agivu','0 Vahlen Pass','San Pedro Carchá','GT'),(67,'Divanoodle','2 Northwestern Park','Dal’neye Konstantinovo','RU'),(68,'Eadel','646 Dexter Way','Polloc','PH'),(69,'Bubblebox','35055 Prairieview Parkway','Tonga','CM'),(70,'Centizu','13 Menomonie Lane','Stará Huť','CZ'),(71,'Wikizz','4 Clarendon Center','Caluire-et-Cuire','FR'),(72,'Youopia','94 Scoville Junction','Modimolle','ZA'),(73,'Twinder','49 Summer Ridge Parkway','Strasbourg','FR'),(74,'Livetube','2 Mockingbird Road','Watubura','ID'),(75,'Fivechat','15 Village Park','Armenia','PH'),(76,'Mycat','5638 Garrison Lane','Wete','TZ'),(77,'Realmix','65799 Parkside Park','Sukošan','HR'),(78,'Browsedrive','09165 Kings Trail','Jieznas','LT'),(79,'Edgeblab','703 Longview Alley','Hanam','KR'),(80,'Rhyzio','46 Union Lane','Rizal','PH'),(81,'Bluezoom','633 Kings Alley','Dallas','US'),(82,'Lazz','91028 Nobel Court','Coyaima','CO'),(83,'Tagopia','968 Hansons Terrace','Synya','RU'),(84,'Centizu','7596 Dorton Street','Villa Elisa','PY'),(85,'Tagchat','7845 Northwestern Terrace','Porto de Mós','PT'),(86,'Flipopia','2 Pepper Wood Alley','Lilla Edet','SE'),(87,'Skyba','5867 Northview Pass','Yasothon','TH'),(88,'Eidel','82 Dexter Avenue','Guandu','CN'),(89,'Zoomdog','4873 Southridge Junction','Huichang','CN'),(90,'Jabberbean','100 Stang Alley','Lianghe','CN'),(91,'Realcube','12188 Chive Court','Kushikino','JP'),(92,'Mybuzz','16260 Homewood Alley','Cruz das Almas','BR'),(93,'Kazio','195 Hayes Avenue','Mamoudzou','YT'),(94,'Jabbertype','8611 Basil Court','Gunungsari','ID'),(95,'Linklinks','6677 Hallows Way','Perpignan','FR'),(96,'Skyndu','8 Sheridan Junction','Lukulu','ZM'),(97,'Voonix','47574 Logan Alley','Bantardawa','ID'),(98,'Meetz','9 Dovetail Way','Faaone','PF'),(99,'Flipopia','79317 Steensland Terrace','Kiel','DE'),(100,'Kanoodle','6054 Randy Avenue','K’anak’erravan','AM'),(101,'Topiclounge','5053 Stang Avenue','Béziers','FR'),(102,'Ozu','69 Mosinee Circle','Haoguantun','CN'),(103,'Viva','6530 Maryland Hill','Beijie','CN'),(104,'Lazz','3 Nancy Hill','Bonthe','SL'),(105,'Livetube','22007 Manitowish Circle','Palestina de los Altos','GT'),(106,'Thoughtstorm','33 Blue Bill Park Trail','Mutoko','ZW'),(107,'Youtags','93 Bunting Junction','Jixiang','CN'),(108,'Oyondu','987 Burrows Pass','Shangjing','CN'),(109,'Topicware','6950 Messerschmidt Street','Megati Kelod','ID'),(110,'Yabox','7 Forest Run Street','San Isidro','PH'),(111,'Talane','56 7th Road','Puerto Cisnes','CL'),(112,'Centizu','7418 Scofield Hill','Mexico','PH'),(113,'Leenti','9626 Arkansas Way','Tempurejo','ID'),(114,'Ainyx','5559 Michigan Park','Jingling','CN'),(115,'Yodel','9 Pleasure Place','Shah Alam','MY'),(116,'Photolist','5737 Lakeland Terrace','Banjar Danginsema','ID'),(117,'Fivespan','28259 Sherman Junction','Roskoshnyy','UA'),(118,'Brainsphere','0068 Service Pass','Los Patios','CO'),(119,'Innojam','9612 Manley Court','Aurora','US'),(120,'Linktype','23 Northfield Place','Puspajaya','ID'),(121,'Divavu','404 Springs Park','Hawassa','ET'),(122,'Mymm','12 Mcbride Avenue','Aglipay','PH'),(123,'Babblestorm','0 Hayes Center','Woha','ID'),(124,'Blogpad','3017 Hooker Court','Bayanaūyl','KZ'),(125,'Meemm','499 Ilene Way','Qiawan','CN'),(126,'Bluezoom','51 Homewood Place','New Agutaya','PH'),(127,'Dabshots','2 Vermont Park','Chongwen','CN'),(128,'Voonyx','832 Coolidge Place','Rājo Khanāni','PK'),(129,'Ntag','91 Ryan Road','Komenda','SI'),(130,'Mudo','46995 Schlimgen Street','Bijia','CN'),(131,'Babblestorm','7820 Bashford Circle','Laowobao','CN'),(132,'Gabtype','20 Dwight Road','Nàng Mau','VN'),(133,'Aimbu','99797 Hudson Place','Ấp Tân Ngãi','VN'),(134,'Yotz','49688 Ohio Avenue','Cape Coast','GH'),(135,'Demizz','679 Merry Junction','Sundsvall','SE'),(136,'Brainlounge','2 Sloan Center','New Cebu','PH'),(137,'Devpoint','87745 Warner Road','Krasnohrad','UA'),(138,'Twitternation','8 Randy Lane','Qarah Bāgh Bāzār','AF'),(139,'Brainverse','47525 Corben Alley','Tríkala','GR'),(140,'Fiveclub','848 Northfield Way','Al Bayḑā’','LY'),(141,'Livepath','0 Emmet Way','Rantaupanjangkiri','ID'),(142,'Babbleblab','51464 Sunbrook Road','Al Mālikīyah','SY'),(143,'Meedoo','03200 Talmadge Alley','Montigny-lès-Metz','FR'),(144,'Twitterbeat','638 Hintze Point','Funes','CO'),(145,'Zoomdog','94 Evergreen Plaza','Dhamār','YE'),(146,'Dazzlesphere','0205 Melrose Way','Sapernoye','RU'),(147,'Twitterlist','531 Fair Oaks Center','Áno Kastrítsion','GR'),(148,'Voonix','96 Helena Avenue','Veisiejai','LT'),(149,'Jatri','31 Vera Trail','San Fernando Apure','VE'),(150,'Quimm','66 Butterfield Park','Shuiyin','CN'),(151,'Buzzster','90 Eastwood Pass','Jablah','SY'),(152,'Chatterpoint','911 Redwing Crossing','Zhanghekou','CN'),(153,'Tagfeed','36664 Havey Place','Korenëvo','RU'),(154,'Gigazoom','138 Larry Plaza','Santa Lucía','HN'),(155,'Demimbu','8768 Pleasure Court','Badai','CN'),(156,'Ntag','840 Tennessee Pass','Lourdes','PH'),(157,'Linkbridge','9763 Hoffman Circle','Jīroft','IR'),(158,'Babbleopia','877 Trailsway Drive','Cheping','CN'),(159,'Wordtune','74054 Miller Drive','Nueva Fuerza','PH'),(160,'Yozio','03904 Florence Lane','Xikou','CN'),(161,'Brightbean','69240 Memorial Center','Debelets','BG'),(162,'Babblestorm','63 Lawn Drive','Tomteboda','SE'),(163,'Meedoo','160 Marcy Center','Goianésia','BR'),(164,'Topiclounge','9 Scoville Crossing','Nekrasovka','RU'),(165,'Twinder','612 Corscot Place','Queenstown','ZA'),(166,'Abata','8 Arapahoe Crossing','Poshnje','AL'),(167,'Buzzdog','97 Fieldstone Point','Turi','ID'),(168,'Quinu','8 Veith Alley','Qukuhu','CN'),(169,'Skajo','9 Northfield Crossing','Kaskinen','FI'),(170,'Tagtune','59 Drewry Street','Invermere','CA'),(171,'Yombu','10 Stang Place','Tarhuna','LY'),(172,'Devbug','49134 Corscot Junction','Anwen','CN'),(173,'Tekfly','868 Mcguire Center','Jutiapa','GT'),(174,'Rhyzio','750 Crescent Oaks Avenue','Menongue','AO'),(175,'Wikizz','229 Mockingbird Trail','Ayna','PE'),(176,'Flipopia','71277 Caliangt Center','Sagaing','MM'),(177,'Oozz','6 Ruskin Junction','Tadou','CN'),(178,'Flipopia','40831 Jenna Street','Hultsfred','SE'),(179,'Twitterbridge','0 Haas Court','Dongfanghong','CN'),(180,'Edgewire','6 Lerdahl Road','Mwense','ZM'),(181,'Linktype','77 Artisan Trail','Georgetown','GM'),(182,'Centizu','457 East Street','Jingdu','CN'),(183,'Tagopia','36 Homewood Parkway','Huarong Chengguanzhen','CN'),(184,'Yodel','1 Schiller Circle','Nogueira','PT'),(185,'Mita','7 Sauthoff Point','Golden','CA'),(186,'Babbleset','14592 Bartelt Plaza','Gudauta','GE'),(187,'JumpXS','47 Summerview Junction','Wete','TZ'),(188,'Mybuzz','777 Anderson Crossing','Dziemiany','PL'),(189,'Voolith','8 Canary Place','Llipa','PE'),(190,'Dynabox','30909 Transport Circle','Peruc','CZ'),(191,'Dynabox','67071 Buena Vista Circle','Issia','CI'),(192,'Eayo','3353 Forest Run Center','Huangqiao','CN'),(193,'Quinu','6 Eliot Hill','Yerevan','AM'),(194,'Kwinu','0238 Becker Avenue','Lianzhu','CN'),(195,'Katz','16 Monterey Way','Tanggul Wetan','ID'),(196,'Yabox','44213 Independence Park','Al Muţayrifī','SA'),(197,'Gabcube','1193 Columbus Alley','Annopol','PL'),(198,'Blogtags','5064 Fairview Court','Muaratiga','ID'),(199,'Ntag','78 Green Lane','Līkak','IR'),(200,'Brightdog','4466 Kropf Trail','Pingle','CN'),(201,'Rhybox','47851 Prairieview Plaza','Chillán','CL'),(202,'Divape','07 Glendale Pass','Cagayan','PH'),(203,'Topicblab','493 Toban Plaza','Karmai','CN'),(204,'Vipe','7189 Schiller Parkway','Zhenzhushan','CN'),(205,'Avamba','1 Park Meadow Alley','Unión','PY'),(206,'Youtags','0026 Meadow Ridge Street','Krajan Tekung','ID'),(207,'Twitterworks','5756 Annamark Street','Andkhōy','AF'),(208,'Topicstorm','0686 Buena Vista Terrace','Gryazovets','RU'),(209,'Fadeo','743 Old Shore Junction','Birsa','ID'),(210,'Photofeed','18902 Oak Park','Lexington','US'),(211,'Riffpath','942 Cherokee Center','Hayama','JP'),(212,'Gabspot','226 Buena Vista Parkway','Washington','US'),(213,'Bubbletube','559 Fieldstone Road','Hiratsuka','JP'),(214,'Demivee','2515 Park Meadow Hill','Rizal','PH'),(215,'Eare','2 Everett Hill','Ô Môn','VN'),(216,'Flipstorm','650 Killdeer Alley','Kalungu','UG'),(217,'Browsezoom','325 Killdeer Hill','Artjärvi','FI'),(218,'Babblestorm','767 Stuart Center','Maniowy','PL'),(219,'Oyonder','79631 Kensington Street','Szczurowa','PL'),(220,'Dynava','94013 Karstens Drive','Danderyd','SE'),(221,'Plajo','84 Corry Lane','Villanueva','PH'),(222,'Rhyloo','1 Rigney Plaza','Międzyrzecz','PL'),(223,'Vipe','8 Havey Trail','Gedangan','ID'),(224,'Dynazzy','4686 Dexter Plaza','La Courneuve','FR'),(225,'Snaptags','1 Heffernan Road','Viljoenskroon','ZA'),(226,'Skilith','72 Colorado Street','Tanjungbalai','ID'),(227,'Eamia','463 Luster Circle','Örebro','SE'),(228,'Bluejam','397 Drewry Avenue','Ritchie','ZA'),(229,'Plajo','330 Harper Park','Araraquara','BR'),(230,'Latz','34 Northland Court','Daliyuan','CN'),(231,'Jetpulse','722 Thierer Street','Sena','TH'),(232,'Blogspan','9 Division Pass','Mirskoy','RU'),(233,'Chatterbridge','389 Butterfield Street','Dahe','CN'),(234,'Rhyzio','50743 Hoffman Drive','Goiana','BR'),(235,'Fiveclub','4877 Magdeline Terrace','Wongka','ID'),(236,'Tazz','3600 Sunfield Circle','Tatarka','RU'),(237,'Skyble','2 Katie Lane','Bobojong','ID'),(238,'Fivespan','6 Gale Way','Shengli','CN'),(239,'Realbuzz','2807 Oxford Plaza','Singaraja','ID'),(240,'Avamm','0 Twin Pines Road','Yangzhuang','CN'),(241,'Myworks','87 Westerfield Street','Ninomiya','JP'),(242,'Realfire','88333 Forest Dale Court','Kavarna','BG'),(243,'Shuffletag','52311 Spohn Way','San Vicente','AR'),(244,'Linkbridge','7 Leroy Avenue','Manhiça','MZ'),(245,'Meetz','3378 Mifflin Park','Tân Kỳ','VN'),(246,'Feedfish','3414 Roth Center','Ghormach','AF'),(247,'Vimbo','9 Old Gate Point','Jose Maria Morelos','MX'),(248,'Skipfire','9 Messerschmidt Place','Gaojia','CN'),(249,'Quatz','9 New Castle Drive','Laon','FR'),(250,'Photospace','37 Cottonwood Park','Ibirataia','BR'),(251,'Bubblemix','65 Mariners Cove Lane','Norsborg','SE'),(252,'Rhyloo','11 Jay Alley','Jinhu','CN'),(253,'Browsedrive','76 Sauthoff Hill','Senhor do Bonfim','BR'),(254,'Centimia','540 Springs Court','Salinas','US'),(255,'Pixonyx','9 Cardinal Center','Palkino','RU'),(256,'Twitternation','7 Forster Point','Frederiksberg','DK'),(257,'Rhyloo','81867 Merrick Terrace','Ribeirão da Ilha','BR'),(258,'Browseblab','50 Debs Plaza','Guadalupe','CR'),(259,'Twimbo','1 Sycamore Road','Idtig','PH'),(260,'Devpoint','5808 Hollow Ridge Alley','Kariaí','GR'),(261,'Edgepulse','8933 Loeprich Way','Pereslavl’-Zalesskiy','RU'),(262,'Buzzster','1817 Birchwood Circle','Lodwar','KE'),(263,'Yodoo','7 Emmet Avenue','Hedi','CN'),(264,'Edgeify','68622 Monica Park','Rancho Nuevo','MX'),(265,'Eadel','1870 Morningstar Lane','Los Juríes','AR'),(266,'Skiptube','93390 Saint Paul Plaza','Gandiaye','SN'),(267,'Innotype','3 Kedzie Avenue','Huashu','CN'),(268,'Feedbug','99 Schlimgen Alley','Sanli','CN'),(269,'Tagfeed','04 Blue Bill Park Avenue','Xiaochengzi','CN'),(270,'Vidoo','676 Northland Place','Rönninge','SE'),(271,'Latz','53666 Meadow Valley Park','Tambo Grande','PE'),(272,'Babbleopia','906 Loftsgordon Trail','Karlovo','BG'),(273,'Ainyx','6 Oak Valley Hill','Fuchang','CN'),(274,'Chatterbridge','82 Northridge Junction','Bobowa','PL'),(275,'Muxo','031 Michigan Point','Qingshi','CN'),(276,'Eabox','9965 Hoard Circle','Bojongsari','ID'),(277,'Fivebridge','4569 Northfield Street','Urdaneta','PH'),(278,'Realblab','58922 Old Gate Drive','Xilinji','CN'),(279,'Fivechat','6 Mosinee Street','Tenjolaya','ID'),(280,'Wikivu','965 Pennsylvania Court','Dateng','ID'),(281,'Skipstorm','0 Ruskin Road','Sidi Smaïl','MA'),(282,'Oyoyo','8 Linden Crossing','Göteborg','SE'),(283,'Jaxspan','41473 Northport Place','Sankt Lorenzen im Mürztal','AT'),(284,'Blogtags','34263 Carey Park','Kurayyimah','JO'),(285,'Youbridge','21454 Division Trail','Kuala Terengganu','MY'),(286,'Katz','6 Dunning Parkway','Nizhniy Lomov','RU'),(287,'Linktype','1527 3rd Terrace','Guyam Malaki','PH'),(288,'Meembee','7600 Harper Street','Daxin','CN'),(289,'Avaveo','899 Meadow Ridge Pass','Szczecin','PL'),(290,'Realcube','32 Judy Trail','Bulu','ID'),(291,'Camido','28 Glacier Hill Hill','Veliki Preslav','BG'),(292,'Flashpoint','08645 Straubel Park','Shebekino','RU'),(293,'Mynte','29579 Blackbird Terrace','Sumiainen','FI'),(294,'Feedfire','73 Blackbird Alley','Uppsala','SE'),(295,'Skinder','6857 Upham Drive','Yudong','CN'),(296,'Skyndu','00144 Anderson Avenue','Kurikka','FI'),(297,'Flipbug','0 Dottie Drive','Karpacz','PL'),(298,'Trudeo','617 Moulton Park','Tamaulipas','MX'),(299,'Tambee','3144 Rutledge Crossing','Medellín','CO'),(300,'Avavee','82 Hallows Point','Daba','CN'),(301,'Katz','57490 Donald Terrace','Gyangkar','CN'),(302,'Gabvine','71150 Carey Trail','Plumtree','ZW'),(303,'Twimm','1953 Lien Way','Aitape','PG'),(304,'Cogidoo','53 Havey Trail','Ballsh','AL'),(305,'Gigashots','94 Cambridge Road','Sedatigede','ID'),(306,'Nlounge','587 Westend Terrace','Xindong','CN'),(307,'Eimbee','4 Washington Trail','Jagupit','PH'),(308,'Browsezoom','429 Banding Terrace','Shido','JP'),(309,'Browseblab','0450 Kim Park','Kuala Lumpur','MY'),(310,'Eidel','0 Lakewood Gardens Way','Yong’an','CN'),(311,'Leenti','92 Moland Junction','Jidong','CN'),(312,'Twitterworks','6 Heath Center','Marjayoûn','LB'),(313,'Wikizz','9 Sundown Trail','Penja','CM'),(314,'Twitternation','58 Crescent Oaks Hill','La Sarrosa','HN'),(315,'Mydeo','86807 Scoville Pass','Sakrand','PK'),(316,'Jaxnation','1 Quincy Road','Jincheng','CN'),(317,'Photojam','2734 Dwight Hill','Zhexiao','CN'),(318,'Twitterbridge','9833 Roxbury Way','Pringgoboyo','ID'),(319,'Abatz','37 Green Ridge Road','Astghadzor','AM'),(320,'Photobug','1370 Melody Crossing','Babao','CN'),(321,'Mydeo','50 Canary Crossing','Paris 07','FR'),(322,'Devshare','35131 Mccormick Way','La Asunción','CR'),(323,'Tavu','41 Brentwood Hill','Nyagla','CN'),(324,'Realfire','23190 Warbler Avenue','Rîbniţa','MD'),(325,'Zooxo','255 Jenna Place','Hukou','CN'),(326,'Flashset','9065 Mesta Street','Zengji','CN'),(327,'Dablist','369 Schiller Crossing','Yijiang','CN'),(328,'Podcat','5070 Holmberg Place','Huangxikou','CN'),(329,'Bubblemix','4 Waubesa Parkway','Akhmīm','EG'),(330,'InnoZ','2083 Colorado Plaza','Hongmiao','CN'),(331,'Browsezoom','75 Crownhardt Plaza','Kembangan','ID'),(332,'Rhyloo','47 Forest Avenue','Pag-asa','PH'),(333,'Dabtype','6356 Vernon Drive','Itō','JP'),(334,'Oyoyo','3 Corscot Road','Huai Mek','TH'),(335,'Devpoint','136 Bartelt Road','Galis','ID'),(336,'Dabvine','8462 Ludington Circle','Gambiran','ID'),(337,'Leexo','570 Hermina Way','Göteborg','SE'),(338,'Oloo','2 Crescent Oaks Road','Batukuta','ID'),(339,'Photobean','7 Quincy Pass','Huamu','CN'),(340,'Jatri','817 Havey Road','Xi’an','CN'),(341,'Roodel','99 Springs Circle','Nong Phai','TH'),(342,'Thoughtsphere','0177 Orin Court','Viraco','PE'),(343,'Youspan','19 Moulton Junction','Fonte Boa da Brincosa','PT'),(344,'Voolith','49 Mendota Crossing','Daleman','ID'),(345,'Skilith','17523 Glendale Trail','Banatsko Veliko Selo','RS'),(346,'Myworks','3 Bayside Road','Quintães','PT'),(347,'Jabbersphere','7 Luster Park','San José de Jáchal','AR'),(348,'Jazzy','463 Kipling Parkway','Bīr Nabālā','PS'),(349,'Browsecat','45361 Columbus Parkway','Librazhd','AL'),(350,'Kwilith','335 Muir Drive','Castlerea','IE'),(351,'Jatri','9 Spohn Circle','Stockholm','SE'),(352,'Edgeify','4 Badeau Parkway','Vyšší Brod','CZ'),(353,'Yabox','5 4th Road','Banzão','PT'),(354,'Aimbu','3 Clemons Court','Maubara','TL'),(355,'Aivee','0745 Derek Lane','Naikoten Dua','ID'),(356,'Quire','211 Oriole Junction','Varna','RS'),(357,'Jaxbean','10804 Blaine Road','Yixingfu','CN'),(358,'Tagfeed','067 Granby Point','Nemby','PY'),(359,'Edgeify','3 7th Plaza','Hà Đông','VN'),(360,'Thoughtbeat','92197 Petterle Place','Acajutla','SV'),(361,'Quire','131 Old Shore Center','Mozirje','SI'),(362,'Flashspan','58 Basil Junction','Lille','FR'),(363,'Npath','9 Prentice Street','Taoyuan','CN'),(364,'Linktype','32965 Debs Place','Cedry Wielkie','PL'),(365,'Plambee','85153 Stoughton Junction','San Carlos','CL'),(366,'Voolia','89 Mitchell Terrace','Lais','PH'),(367,'Realcube','04 Melvin Court','Zelenogorsk','RU'),(368,'Rhycero','0484 Eagan Trail','Skarżysko-Kamienna','PL'),(369,'Buzzster','7637 Continental Road','Ludbreg','HR'),(370,'Flashspan','92 Namekagon Point','Bollnäs','SE'),(371,'Avamm','752 Luster Pass','Huế','VN'),(372,'Pixope','924 Kedzie Street','Xinye','CN'),(373,'Pixoboo','1 Debs Point','Lingcheng','CN'),(374,'Voonte','613 Main Terrace','Thị Trấn Na Hang','VN'),(375,'Kwilith','84656 Forster Way','Santa Ana','AR'),(376,'Yotz','27511 Moose Parkway','Urjala','FI'),(377,'Skippad','8 Fuller Point','Shaping','CN'),(378,'Riffpedia','0 Ridgeview Hill','Bến Tre','VN'),(379,'Thoughtworks','18108 Ramsey Park','Nashville','US'),(380,'Devshare','26324 Gerald Crossing','Tulsa','US'),(381,'Bluejam','2 Ilene Pass','Yicheng','CN'),(382,'Chatterbridge','19 Kipling Lane','San Nicolas','PH'),(383,'Fiveclub','55 Roxbury Center','Odrinhas','PT'),(384,'Ooba','1980 Merchant Street','Shanhou','CN'),(385,'Photobug','62 Riverside Alley','Kristiansand S','NO'),(386,'Plambee','27 Grim Trail','Huage','CN'),(387,'LiveZ','2833 Pennsylvania Street','Oeiras','PT'),(388,'Kamba','3786 Schurz Lane','Heku','CN'),(389,'Skalith','96 Clarendon Pass','San Isidro','PH'),(390,'Livepath','684 Hallows Pass','Cabungan','PH'),(391,'Ooba','9 Hanover Center','Shchelkovo','RU'),(392,'Thoughtstorm','824 Surrey Terrace','Łazy','PL'),(393,'Flashpoint','428 Roth Center','Huaxijie','CN'),(394,'Voomm','14 Weeping Birch Park','Tianjin','CN'),(395,'Eadel','709 Hanson Road','El Olivar','HN'),(396,'Tavu','251 Northwestern Circle','Kawengan','ID'),(397,'Gabspot','72346 Utah Avenue','Armamar','PT'),(398,'Jabbercube','396 Hagan Pass','Jincheng','CN'),(399,'Rooxo','5 Russell Plaza','Baliuag Nuevo','PH'),(400,'Rhynyx','01002 Menomonie Drive','Zambujeira do Mar','PT'),(401,'Feednation','79022 Loftsgordon Hill','Genova','IT'),(402,'Babbleset','5674 Hanover Terrace','Dolní Libina','CZ'),(403,'Thoughtstorm','21089 6th Parkway','Jianguo','CN'),(404,'Meemm','46098 Mallory Drive','Lipka','PL'),(405,'Rhybox','49 Daystar Center','Bagong Barrio','PH'),(406,'Fiveclub','3 Forest Pass','Budapest','HU'),(407,'Riffpedia','0051 Westridge Hill','Zhambyl','KZ'),(408,'Edgepulse','608 International Parkway','São Gabriel da Cachoeira','BR'),(409,'Shuffletag','1 Katie Court','Zungeru','NG'),(410,'Shuffledrive','699 Service Center','Los Andes','CL'),(411,'Fanoodle','6 Jay Lane','Wansheng','CN'),(412,'Skiba','58417 Garrison Plaza','Santa Cruz','VE'),(413,'Yabox','45065 Summit Junction','Denver','US'),(414,'Quire','8162 Hanson Pass','Strängnäs','SE'),(415,'Gevee','4 Karstens Avenue','Banzão','PT'),(416,'InnoZ','0 Boyd Pass','Hujia','CN'),(417,'Twitternation','35635 Autumn Leaf Road','Vänersborg','SE'),(418,'Yozio','3 North Place','Dos Hermanas','ES'),(419,'Rhybox','2 Tony Center','Cabittaogan','PH'),(420,'Meezzy','2 John Wall Circle','Quillo','PE'),(421,'Youspan','21 6th Pass','Pyskowice','PL'),(422,'Skiba','746 Bartelt Drive','Lamadong','ID'),(423,'Gabtune','22 Kedzie Court','Diriamba','NI'),(424,'Buzzshare','520 Hayes Place','Chenyangzhai','CN'),(425,'Miboo','094 Cordelia Trail','Kobylin','PL'),(426,'Buzzshare','3 3rd Avenue','Yotsukaidō','JP'),(427,'Skinix','605 4th Road','Wuli','CN'),(428,'Mydeo','52657 Kedzie Plaza','Cachoeiro de Itapemirim','BR'),(429,'Ozu','017 Burrows Parkway','Luan Balu','ID'),(430,'Dynazzy','78 Rusk Alley','Staraya Stanitsa','RU'),(431,'Ntag','53130 Commercial Point','Velikiye Luki','RU'),(432,'Flipstorm','21300 Rieder Avenue','Bunisari','ID'),(433,'Kwideo','81 Stang Hill','Salem','ID'),(434,'Quatz','3 Redwing Drive','Karangagung Timur','ID'),(435,'Twitterbeat','4 Basil Court','Beilun','CN'),(436,'Jabbersphere','3 Huxley Way','Sancha','CN'),(437,'Jabbercube','10848 Helena Crossing','Rantīs','PS'),(438,'Yakidoo','527 Grayhawk Court','Kostinbrod','BG'),(439,'Wikizz','4335 Charing Cross Place','Martil','MA'),(440,'Vitz','18001 Trailsway Street','Baracatan','PH'),(441,'Minyx','235 Vernon Plaza','Changling','CN'),(442,'Skyba','31537 Bartillon Terrace','Labuhan Deli','ID'),(443,'Feedbug','72 Lighthouse Bay Trail','Al ‘Ayzarīyah','PS'),(444,'Divanoodle','8772 Ludington Center','Fengjiang','CN'),(445,'Realfire','07019 Sauthoff Drive','Hénin-Beaumont','FR'),(446,'Demizz','71040 Claremont Place','Lávara','GR'),(447,'Thoughtstorm','0 Longview Plaza','Sakhipur','BD'),(448,'Yata','0608 Washington Junction','Debre Mark’os','ET'),(449,'Dazzlesphere','7 Ludington Terrace','Guali','CN'),(450,'Oodoo','208 Raven Crossing','Jinyuan','CN'),(451,'Youtags','7 Moland Way','Alfeizerão','PT'),(452,'Kayveo','00 Manitowish Road','Kamień Pomorski','PL'),(453,'Thoughtmix','648 Susan Parkway','Dehī','AF'),(454,'Twitterwire','831 Laurel Road','Longhu','CN'),(455,'Youtags','0752 Welch Terrace','Shuigou','CN'),(456,'Vimbo','27974 Hoepker Place','Jingzhou','CN'),(457,'Meeveo','5 Maywood Point','Boac','PH'),(458,'Wikido','4 Warner Street','Kaynardzha','BG'),(459,'Eidel','431 1st Place','Jagupit','PH'),(460,'Zoomdog','74 Schlimgen Circle','Meneou','CY'),(461,'Jabbersphere','60866 Warrior Junction','Ramalhal','PT'),(462,'Mybuzz','35 Pine View Alley','Mora','SE'),(463,'Kayveo','74 Sunbrook Avenue','Kotli Lohārān','PK'),(464,'Photofeed','74581 Village Court','Sembung','ID'),(465,'Photobug','561 Northridge Point','Alcanena','PT'),(466,'Twiyo','5295 American Ash Park','Pedregulho','BR'),(467,'Zoombox','9 Steensland Hill','Kerek','ID'),(468,'Miboo','6 Cambridge Court','San Fernando','PH'),(469,'Yabox','56 Carey Pass','Botucatu','BR'),(470,'Skiba','06 Esch Pass','El Cerrito','MX'),(471,'Flashspan','6 Commercial Lane','Tilburg','NL'),(472,'Buzzbean','23932 Donald Trail','Al Lagowa','SD'),(473,'Oodoo','448 Sheridan Terrace','Thames','NZ'),(474,'Eadel','4 Mayfield Drive','Aḑ Ḑil‘','YE'),(475,'Topicstorm','6 Center Plaza','Starominskaya','RU'),(476,'Eidel','7 Badeau Point','Kruševac','RS'),(477,'Rooxo','30 Morrow Court','Mpigi','UG'),(478,'Feedfire','9 Shelley Trail','Włoszczowa','PL'),(479,'Yata','56 Garrison Junction','Zamboanga','PH'),(480,'Oyondu','77 7th Pass','Zhudian','CN'),(481,'Quinu','76 Mendota Park','Strasbourg','FR'),(482,'BlogXS','210 Sunbrook Terrace','Pukë','AL'),(483,'Dynazzy','535 Sunnyside Park','Tamorong','PH'),(484,'Talane','460 Riverside Point','Irupi','BR'),(485,'Photobug','66775 Buell Street','Sinop','BR'),(486,'Meevee','961 Main Center','Pontevedra','AR'),(487,'Quimm','6480 Gerald Lane','Hiji','JP'),(488,'Livefish','48 Cambridge Alley','Huangzhai','CN'),(489,'Gabspot','7 Vermont Pass','Purral','CR'),(490,'DabZ','117 Westport Trail','Örnsköldsvik','SE'),(491,'Brightbean','2 Declaration Point','Taywanak Ilaya','PH'),(492,'Jabbertype','125 Manitowish Lane','Sa‘sa‘','SY'),(493,'Nlounge','6009 Magdeline Hill','Yalagüina','NI'),(494,'Fivechat','79758 Dawn Place','Zarichchya','UA'),(495,'Flipopia','21503 Fairview Court','Maradi','NE'),(496,'Oyoyo','95 Merrick Terrace','Guatraché','AR'),(497,'Zooxo','6626 Portage Way','Fier-Çifçi','AL'),(498,'Trilia','9352 Talmadge Trail','Charlottetown','CA'),(499,'Abata','313 Nancy Terrace','Caramuca','VE'),(500,'LiveZ','8467 Menomonie Trail','Timezgana','MA'),(501,'Jabbercube','6 Novick Alley','Serzedelo','PT'),(502,'Wikibox','4 Lotheville Avenue','Zhangdan','CN'),(503,'Meedoo','28930 Reinke Way','Pokachi','RU'),(504,'Skyvu','5844 Warrior Avenue','Baiquesi','CN'),(505,'Thoughtmix','786 Dawn Drive','Prażmów','PL'),(506,'Trunyx','67817 Park Meadow Parkway','Dongjiahe','CN'),(507,'Topdrive','48760 North Pass','Kaum Kaler','ID'),(508,'Zava','3 Burning Wood Junction','Marfino','RU'),(509,'Realbuzz','751 Kenwood Lane','Huyu','CN'),(510,'Kayveo','74 Basil Trail','Santiago Vázquez','UY'),(511,'Voonder','4 Service Pass','Fria','GN'),(512,'Oyoba','63125 Pine View Lane','Khe Tre','VN'),(513,'Plajo','2742 Gina Lane','Zhishan','CN'),(514,'Skippad','3885 Mayer Court','Maasin','PH'),(515,'Thoughtbridge','283 Wayridge Lane','Hat Yai','TH'),(516,'Rhynyx','37247 Crownhardt Circle','Apiaí','BR'),(517,'Pixonyx','7169 Lunder Junction','Changfa','CN'),(518,'InnoZ','833 Mayer Trail','Quintã','PT'),(519,'Viva','23758 Lindbergh Road','Jiaocun','CN'),(520,'Avamba','3 Norway Maple Avenue','Khong Chai','TH'),(521,'Photolist','5 Shelley Place','Skien','NO'),(522,'Ainyx','191 Eliot Hill','Kalanchak','UA'),(523,'Einti','7339 Northwestern Drive','Klakeh','ID'),(524,'Gevee','62 Londonderry Terrace','Lawa-an','PH'),(525,'Vidoo','530 Harbort Hill','Zhuting','CN'),(526,'Innojam','675 Russell Road','Terre Haute','US'),(527,'Mynte','4469 Hovde Street','Évry','FR'),(528,'Kazu','7892 Golden Leaf Trail','Soukkouma','LA'),(529,'Dynabox','96174 Bonner Place','Lamam','LA'),(530,'Skyble','1 Basil Hill','Kawaguchi','JP'),(531,'Voonix','0105 Shasta Lane','Palauig','PH'),(532,'Yombu','37 Golf Course Point','Berlin','DE'),(533,'Fivebridge','1 Nancy Drive','Antes','PT'),(534,'Snaptags','55 Lukken Center','Krajan Gajihan','ID'),(535,'Twitterlist','8072 Burrows Crossing','Vanimo','PG'),(536,'Reallinks','7708 Di Loreto Crossing','Adassil','MA'),(537,'Shufflester','5752 Westridge Terrace','Kelburn','NZ'),(538,'Tagcat','36 Monument Circle','Barda','AZ'),(539,'Skyvu','996 Elgar Junction','Benoy','TD'),(540,'Feedfish','78088 5th Hill','Karlstad','SE'),(541,'Trilith','2 Karstens Road','Negotino','MK'),(542,'Dabvine','17849 Esch Center','Ludvika','SE'),(543,'Oyoloo','0 Meadow Ridge Park','Sirdaryo','UZ'),(544,'Oyoyo','76976 4th Street','København','DK'),(545,'Fliptune','542 Victoria Trail','Subkowy','PL'),(546,'Topicstorm','2408 Ridgeway Park','Balatun','BA'),(547,'Cogibox','9 Laurel Way','Yangjingziwan','CN'),(548,'Browsedrive','91 Parkside Parkway','Bella Vista','DO'),(549,'Skipstorm','7 Bobwhite Hill','Milwaukee','US'),(550,'Twinte','77250 Golf Court','Hanjianglu','CN'),(551,'Fatz','71870 Nelson Alley','Perbaungan','ID'),(552,'Kimia','5 Nancy Point','Orahovac','XK'),(553,'Kazio','094 Lake View Terrace','Glugur Tengah','ID'),(554,'Jaxnation','41372 Sachtjen Plaza','Xinyan','CN'),(555,'Skaboo','976 Mockingbird Avenue','Ad Dawādimī','SA'),(556,'Innotype','02 Dapin Hill','Malvas','PE'),(557,'Realbuzz','843 Lunder Alley','Wonokromo','ID'),(558,'Quire','0086 Mallory Place','Santo Domingo','PH'),(559,'Midel','85160 Victoria Junction','Porangaba','BR'),(560,'Shuffledrive','2 Amoth Center','Yuekou','CN'),(561,'Oozz','07386 Talisman Way','Zhonggang','CN'),(562,'Yakijo','156 Grover Drive','Sulūq','LY'),(563,'Janyx','77969 Comanche Terrace','Tiraspol','MD'),(564,'Tazz','05298 Rigney Way','Karanganyar','ID'),(565,'Linkbuzz','1 Clarendon Parkway','Saint-Fargeau-Ponthierry','FR'),(566,'Avavee','6 Parkside Center','Närpes','FI'),(567,'Browsezoom','3638 Kenwood Park','Kuala Lumpur','MY'),(568,'Einti','74 Acker Lane','Greenhills','IE'),(569,'Youtags','4123 Forster Point','Covas da Raposa','PT'),(570,'Yombu','56517 Hagan Hill','Gamboula','CF'),(571,'Demimbu','28 Prairie Rose Hill','Srednebelaya','RU'),(572,'Aimbu','02484 Starling Pass','Zuya','UA'),(573,'Yakijo','53640 East Way','Yanaul','RU'),(574,'Thoughtsphere','890 Barnett Crossing','Lomme','FR'),(575,'Skajo','3241 Oneill Park','Bondowoso','ID'),(576,'Pixoboo','1 Esker Way','Huaqiao','CN'),(577,'Edgeblab','1385 Nelson Drive','Santa Maria do Souto','PT'),(578,'Pixope','63285 Mockingbird Alley','Nong Bun Nak','TH'),(579,'Oba','5 Badeau Junction','Nosy Varika','MG'),(580,'Skibox','20597 Leroy Lane','Sukamulya','ID'),(581,'Babbleopia','81 Ludington Court','Zhenhai','CN'),(582,'Omba','56973 Bluejay Point','Plakhtiyivka','UA'),(583,'Topiczoom','549 Corry Drive','Ilovka','RU'),(584,'Brainverse','2133 Schlimgen Center','San Manuel','PH'),(585,'Jabbersphere','57 Stuart Alley','Zishan','CN'),(586,'Dabjam','497 Arizona Point','Qiryat Shemona','IL'),(587,'Skivee','45808 Dexter Lane','Sangpi','CN'),(588,'Fanoodle','23 Roxbury Trail','Vitez','BA'),(589,'Quimm','3886 Duke Lane','Suklayin','PH'),(590,'Katz','9202 Pennsylvania Plaza','Togur','RU'),(591,'Skibox','81 Menomonie Terrace','Gahe','CN'),(592,'Chatterbridge','585 Randy Park','Mangarine','PH'),(593,'Quaxo','60794 Warrior Street','Noailles','FR'),(594,'Tazzy','881 Scott Way','Offenbach','DE'),(595,'Flashset','44608 Dawn Center','Ponoka','CA'),(596,'Feednation','3 Hayes Parkway','Dabola','GN'),(597,'Thoughtstorm','1231 Spaight Center','Kraków','PL'),(598,'Buzzdog','5364 Ryan Hill','Montceau-les-Mines','FR'),(599,'Centidel','49 Corry Center','Pouzauges','FR'),(600,'Feedbug','1 Killdeer Point','Tommot','RU'),(601,'Shufflester','36 Lighthouse Bay Junction','Panggungsari','ID'),(602,'Geba','3590 Lake View Drive','Ad Dabbah','SD'),(603,'Midel','9 Fisk Trail','Třebíč','CZ'),(604,'Agimba','09 Norway Maple Park','Yanqian','CN'),(605,'Buzzbean','17944 Wayridge Hill','Karabas','KZ'),(606,'Livetube','53 Chive Trail','Bački Breg','RS'),(607,'Topiczoom','469 American Ash Court','Caoxi','CN'),(608,'Browseblab','02 Straubel Parkway','Bonao','DO'),(609,'Rhybox','0 Burning Wood Plaza','Santulhão','PT'),(610,'Fadeo','488 Southridge Way','Yidu','CN'),(611,'Kaymbo','39166 Chive Road','Khodzhi-Gasan','AZ'),(612,'Riffpath','2530 Chinook Hill','Anshun','CN'),(613,'Dynabox','31307 Crescent Oaks Drive','Tsiatsan','AM'),(614,'Flashdog','02713 Springview Street','Al Manşūrah','SY'),(615,'Jabberstorm','182 Rusk Place','Czernice Borowe','PL'),(616,'Twinder','694 Talmadge Lane','Severo-Yeniseyskiy','RU'),(617,'Aivee','2827 Bluestem Drive','Hobor','CN'),(618,'Jaxnation','80127 Brickson Park Pass','Banff','CA'),(619,'Kayveo','8666 Packers Circle','Scottsdale','US'),(620,'Demivee','8283 Lotheville Trail','København','DK'),(621,'Jetpulse','352 Mesta Lane','Pujilí','EC'),(622,'Gigaclub','8595 Sugar Center','Champerico','GT'),(623,'Centidel','4536 Porter Terrace','Agnibilékrou','CI'),(624,'Eazzy','825 Fallview Road','Néos Skopós','GR'),(625,'Yambee','89 Killdeer Court','Kurchatov','RU'),(626,'Twitternation','533 Fairview Plaza','Esch-sur-Alzette','LU'),(627,'Topdrive','91587 Crescent Oaks Junction','Chuanshan','CN'),(628,'Tagopia','2231 Jenifer Court','Néa Plágia','GR'),(629,'Jetwire','41038 Jana Avenue','Dos Hermanas','ES'),(630,'Bluejam','0 Northridge Trail','Listvyanka','RU'),(631,'Aimbo','203 Arizona Circle','Villa Allende','AR'),(632,'Mymm','2 Di Loreto Alley','Ghormach','AF'),(633,'Flipstorm','8059 Rockefeller Plaza','Tāndo Mittha Khān','PK'),(634,'Oodoo','47 Lakewood Street','Hetang','CN'),(635,'Aimbu','89750 Eagle Crest Pass','Dadong’ao','CN'),(636,'Skalith','5 Orin Road','Tobias Barreto','BR'),(637,'Babbleblab','0 Linden Parkway','Paris 16','FR'),(638,'Minyx','584 Linden Circle','Butigui','PH'),(639,'Yabox','0 Hayes Terrace','Jingouhe','CN'),(640,'Janyx','33 6th Hill','Maizuru','JP'),(641,'Muxo','546 Parkside Drive','Nangka','PH'),(642,'Photofeed','579 Trailsway Hill','Pijao','CO'),(643,'Mita','207 Oxford Place','Daniwato','ID'),(644,'Meembee','22 Lotheville Park','Posedarje','HR'),(645,'Rhybox','25492 Dunning Road','Santulhão','PT'),(646,'Eabox','524 Donald Center','Tongqian','CN'),(647,'Skiptube','95 Rutledge Trail','Bhamdoûn el Mhatta','LB'),(648,'Kamba','7 Declaration Parkway','Tân Phú','VN'),(649,'Oyondu','69117 Iowa Road','Karpushikha','RU'),(650,'Kimia','101 Golf View Street','Gulai','CN'),(651,'Ntag','41459 Shopko Court','Biryukove','UA'),(652,'Topicware','89 Memorial Pass','Pueblo Viejo','PA'),(653,'Thoughtblab','1 Aberg Plaza','Zhatay','RU'),(654,'Brainlounge','00531 Granby Crossing','Ungsang','KR'),(655,'Wikibox','383 Loeprich Way','Želetava','CZ'),(656,'Thoughtstorm','50568 Stuart Way','Pinhal da Marquesa','PT'),(657,'Topicware','812 Lunder Lane','Bořitov','CZ'),(658,'Camimbo','8510 Farwell Junction','Yonghe','CN'),(659,'Twitterbeat','2 Hansons Alley','Zhanqian','CN'),(660,'Quamba','686 Dennis Lane','Napuro','PH'),(661,'Centimia','738 Algoma Terrace','Cojutepeque','SV'),(662,'Browsezoom','350 Lawn Drive','Nkwerre','NG'),(663,'Layo','8063 Granby Circle','Hisings Kärra','SE'),(664,'Jayo','5 Florence Pass','Höllviken','SE'),(665,'Talane','17685 Pleasure Crossing','Langford','CA'),(666,'Thoughtstorm','3 2nd Junction','Rybno','PL'),(667,'Oyondu','47853 Carioca Court','Cluses','FR'),(668,'Feedfire','45 Mesta Plaza','Las Palmas','MX'),(669,'Zooxo','2734 Di Loreto Terrace','Kosong','KR'),(670,'Oyoyo','3245 Quincy Place','Xiongzhang','CN'),(671,'Twitterworks','53 Brentwood Crossing','Damatulan','PH'),(672,'Thoughtbeat','985 Paget Street','Paris 18','FR'),(673,'Blognation','38 Division Center','Vermelha','PT'),(674,'Teklist','79 Talisman Center','Nanterre','FR'),(675,'Viva','6888 Del Sol Court','Sumberbatas','ID'),(676,'Demivee','349 Lotheville Center','Kembangkerang Lauk Timur','ID'),(677,'Yakidoo','1183 Chinook Alley','Karbunara e Vogël','AL'),(678,'Edgeify','33773 Sachtjen Way','Zarechnyy','RU'),(679,'Riffwire','14 Oak Valley Way','Baturinggit Kaja','ID'),(680,'Twimbo','0891 Fremont Avenue','Primošten','HR'),(681,'Yodo','73 Dakota Terrace','Yuandianhui','CN'),(682,'Roomm','7 Heffernan Way','Paghmān','AF'),(683,'Chatterbridge','6599 Farwell Trail','El Carril','AR'),(684,'Feedspan','07986 Jenifer Crossing','Yongyang','CN'),(685,'Quinu','1 Moland Pass','Michałów-Reginów','PL'),(686,'Pixonyx','1580 Evergreen Lane','Latung','PH'),(687,'Oyoyo','3908 Farragut Avenue','Chigasaki','JP'),(688,'Skinder','72 Novick Hill','Muaratiga','ID'),(689,'Trupe','90058 Gina Plaza','Mafeteng','LS'),(690,'Skinder','14870 Division Street','Cama Juan','PH'),(691,'Avamba','03300 Carioca Park','Angono','PH'),(692,'Photofeed','8 Warrior Way','Mooirivier','ZA'),(693,'Devcast','73 Rockefeller Alley','Baohe','CN'),(694,'Jetpulse','4 Monterey Plaza','Cajamar','BR'),(695,'Yamia','5 Green Park','El Estor','GT'),(696,'Reallinks','7662 Debs Lane','Twardogóra','PL'),(697,'Twiyo','761 Derek Point','Uspenskoye','RU'),(698,'Yodel','2599 Bunker Hill Pass','Batanovtsi','BG'),(699,'Flipopia','80623 7th Alley','Kobe','JP'),(700,'Devpulse','91 1st Circle','Ouangani','YT'),(701,'Feednation','76 American Ash Crossing','San Lorenzo','PE'),(702,'BlogXS','8435 Steensland Avenue','Gachancipá','CO'),(703,'Dabshots','5 Utah Point','Elista','RU'),(704,'Jaxworks','046 Milwaukee Lane','Jatiprahu','ID'),(705,'Yacero','0 Autumn Leaf Hill','Balfour','ZA'),(706,'Quimm','22919 Bartillon Drive','Dobra','PL'),(707,'Livetube','671 Amoth Avenue','Svetlograd','RU'),(708,'Janyx','53 Kennedy Place','Kangdong-ŭp','KP'),(709,'Blogspan','6069 Green Hill','Le Mans','FR'),(710,'Photobug','5 Merry Point','Täby','SE'),(711,'Teklist','91 Schmedeman Crossing','Cerme Kidul','ID'),(712,'Livetube','8032 Bobwhite Plaza','Bussum','NL'),(713,'Mybuzz','340 Erie Court','Rassvet','RU'),(714,'Skyba','0 Debra Street','Helsingborg','SE'),(715,'Vinte','48 6th Pass','Boac','PH'),(716,'Zoomdog','4382 Melrose Pass','Quinta dos Frades','PT'),(717,'Fanoodle','6 Dunning Parkway','Remscheid','DE'),(718,'Ainyx','8315 Myrtle Crossing','Orimattila','FI'),(719,'Realmix','1769 Grayhawk Drive','Fushan','CN'),(720,'Dabjam','47 Lakeland Center','Huntington','US'),(721,'Voonte','42 Dottie Avenue','Wasquehal','FR'),(722,'Meevee','61 Mccormick Center','Caringin','ID'),(723,'Avavee','485 Brentwood Alley','Monastyryshche','UA'),(724,'Kwideo','73699 Di Loreto Circle','Ash Shiḩr','YE'),(725,'Wikido','80 Delladonna Street','Huashan','CN'),(726,'Gigashots','28 Merchant Street','Ainaro','TL'),(727,'Oyoba','87 Lillian Trail','São Borja','BR'),(728,'Flashdog','3 Parkside Trail','Laagri','EE'),(729,'Eare','46 Lerdahl Center','Sai’erlong Xiang','CN'),(730,'Mydo','94571 Katie Street','Trondheim','NO'),(731,'Demimbu','62751 Summit Trail','Hāgere Selam','ET'),(732,'Oyonder','9 Sage Circle','Baozhu','CN'),(733,'Oyoloo','6941 Dayton Trail','Svitlovods’k','UA'),(734,'Pixoboo','45 Autumn Leaf Plaza','Villa Ángela','AR'),(735,'Skynoodle','5417 Artisan Alley','Lavandeira','PT'),(736,'Dabshots','17798 Talisman Way','Birmingham','US'),(737,'Jetwire','3512 Memorial Drive','Barcelona','ES'),(738,'Topicware','6 Tomscot Parkway','La Cesira','AR'),(739,'Centidel','6611 Ryan Avenue','Lubniewice','PL'),(740,'Zoomzone','181 Hermina Circle','Oued Zem','MA'),(741,'Browsebug','773 Oneill Trail','Prachuap Khiri Khan','TH'),(742,'Aivee','2 Corscot Pass','Göteborg','SE'),(743,'Tekfly','5 Fuller Avenue','Samaipata','BO'),(744,'Mydo','0 School Drive','Tazemmourt','MA'),(745,'Twimm','521 Westend Hill','Kut Rang','TH'),(746,'Riffwire','69 Pepper Wood Way','Allacapan','PH'),(747,'Gigazoom','39632 Prentice Junction','Soloma','GT'),(748,'Oyondu','3834 Pawling Circle','Stockholm','SE'),(749,'Thoughtsphere','820 Tennyson Road','Bolotnoye','RU'),(750,'Janyx','0 North Point','Brampton','CA'),(751,'Dabfeed','7176 Mockingbird Lane','Czarna Dąbrówka','PL'),(752,'Blogtag','7402 Spaight Junction','Yongfeng','CN'),(753,'Zoomcast','95 Becker Trail','Paitan Norte','PH'),(754,'Roodel','710 2nd Road','Guangang','CN'),(755,'Snaptags','414 Redwing Avenue','San Pedro Ayampuc','GT'),(756,'Wikizz','00 Anhalt Junction','Tintina','AR'),(757,'Jazzy','7 Dapin Alley','Río Alejandro','PA'),(758,'Meedoo','63 Elmside Alley','Bembèrèkè','BJ'),(759,'InnoZ','4 Annamark Junction','Bao’an','CN'),(760,'Feedspan','6 Pepper Wood Way','Czerwionka-Leszczyny','PL'),(761,'Katz','199 La Follette Hill','Lhabupu','CN'),(762,'Katz','344 Gateway Way','Asemanis','ID'),(763,'Thoughtsphere','329 Summit Alley','Fort Worth','US'),(764,'Kare','69448 Nova Circle','Cavaillon','FR'),(765,'Zava','09 Harper Hill','Saatlı','AZ'),(766,'Teklist','2080 Glendale Park','Depapre','ID'),(767,'Edgeclub','1 Barby Alley','As Sab‘ Biyār','SY'),(768,'Thoughtstorm','72264 Dottie Trail','Mosal’sk','RU'),(769,'Roodel','546 Norway Maple Hill','Yashikera','NG'),(770,'Dynabox','0711 Hollow Ridge Hill','Łaskarzew','PL'),(771,'Rhyzio','837 Vera Street','Alcaria da Serra','PT'),(772,'Kwilith','19020 Stuart Parkway','Iniö','FI'),(773,'Bubblemix','35787 Sunbrook Circle','Flic en Flac','MU'),(774,'Zoovu','8 Holmberg Avenue','Kijang','KR'),(775,'Centimia','0363 Arrowood Court','Jianmin','CN'),(776,'Vinte','4403 Sutteridge Avenue','Erechim','BR'),(777,'Youspan','12915 Maple Junction','Santa Lucía','AR'),(778,'Einti','9 Division Pass','Pemzashen','AM'),(779,'Shuffledrive','098 Shoshone Point','Itaperuçu','BR'),(780,'Blognation','58298 Express Parkway','Ar Ramāḑīn','PS'),(781,'Feedfish','99 Bunting Avenue','Sharjah','AE'),(782,'Centizu','401 Elka Pass','Flying Fish Cove','CX'),(783,'Cogilith','52410 Fair Oaks Parkway','Vân Tùng','VN'),(784,'Eidel','35 Lakewood Center','Syevyerodonets’k','UA'),(785,'Babblestorm','5780 Morningstar Alley','Arinos','BR'),(786,'Dabfeed','8 Green Ridge Pass','Banayoyo','PH'),(787,'Blogtag','197 Forest Center','Dragash','XK'),(788,'Abatz','7389 Meadow Ridge Point','Ponta Grossa','BR'),(789,'Kazio','816 Mariners Cove Alley','Ulan Us','CN'),(790,'Janyx','3 Basil Terrace','Barra Bonita','BR'),(791,'Gabtune','18653 Mcguire Court','Bwizibwera','UG'),(792,'Cogibox','42063 Transport Place','Nashville','US'),(793,'Centimia','82 Mifflin Park','Tengger','ID'),(794,'Twinte','5 Hoffman Avenue','Cầu Giát','VN'),(795,'Ntags','24 Florence Point','Entre Rios','BR'),(796,'Aibox','95 Texas Junction','Lucban','PH'),(797,'Izio','3586 Weeping Birch Alley','Pho Thale','TH'),(798,'Dynabox','151 8th Lane','Stari Bohorodchany','UA'),(799,'Quatz','3 Pine View Junction','Xiaojinkou','CN'),(800,'Thoughtstorm','0623 Havey Avenue','Shuibian','CN'),(801,'Gabvine','085 Hovde Point','Baofeng','CN'),(802,'Yata','6200 Pawling Point','Dubno','UA'),(803,'Oyondu','0 Northview Court','Marne-la-Vallée','FR'),(804,'Trudeo','09551 Sunnyside Drive','Asaita','ET'),(805,'Oba','27 Kropf Hill','La Fortuna','PH'),(806,'Oyope','03 Park Meadow Street','Talacogon','PH'),(807,'Midel','150 Scoville Park','Zhonggang','CN'),(808,'Katz','23 Haas Terrace','Nizhnevartovsk','RU'),(809,'Flipopia','88 Hooker Avenue','Sanchahe','CN'),(810,'Miboo','10 Shasta Center','Alaghsas','NE'),(811,'Livepath','50 Service Drive','Xinglongchang','CN'),(812,'Meedoo','5 Division Point','Castleblayney','IE'),(813,'Kanoodle','137 David Parkway','Ovsyanka','RU'),(814,'Twinder','930 Starling Drive','Smolyan','BG'),(815,'JumpXS','28912 Alpine Street','Wakimachi','JP'),(816,'Voomm','9949 Spenser Lane','Topeka','US'),(817,'Skippad','7 Canary Pass','Sutton','GB'),(818,'Gabspot','13033 Maple Wood Center','Timbiras','BR'),(819,'Bubbletube','869 Sundown Place','Regla','CU'),(820,'Yamia','3 Marquette Alley','Dębowa Łąka','PL'),(821,'Linkbuzz','48 High Crossing Pass','Seattle','US'),(822,'Oba','90 Parkside Avenue','Fier-Çifçi','AL'),(823,'Lazzy','74 Karstens Place','Mafraq','JO'),(824,'Abatz','73 Charing Cross Way','Kukichūō','JP'),(825,'Omba','38 Fulton Crossing','Cervantes','PH'),(826,'Gabvine','40 Dapin Lane','Menanga','ID'),(827,'Fliptune','3 Buhler Trail','Huangwan','CN'),(828,'Riffpath','1 Mesta Trail','Las Junturas','AR'),(829,'Thoughtstorm','54117 Hauk Court','Cáceres','CO'),(830,'Jazzy','3155 Oxford Avenue','Zhongxin','CN'),(831,'Oodoo','33487 Jay Terrace','Hamburg','DE'),(832,'Devcast','946 Miller Center','Shiroishi','JP'),(833,'Kayveo','1853 Lakewood Lane','Songqiao','CN'),(834,'Feednation','26043 Union Circle','Carregado','PT'),(835,'Babbleset','72349 Russell Trail','Akwanga','NG'),(836,'Blogpad','44 Mallard Crossing','Wijewo','PL'),(837,'Thoughtsphere','2 Oneill Street','Xinfeng','CN'),(838,'Mydo','7246 Vahlen Drive','København','DK'),(839,'Topicshots','98 Melody Trail','Taytay','PH'),(840,'Buzzshare','6 Calypso Parkway','Tõrva','EE'),(841,'Avaveo','604 Sommers Way','Blora','ID'),(842,'Realbuzz','6181 Chinook Court','Changsu','KR'),(843,'Aimbo','049 Onsgard Way','Pingli','CN'),(844,'Topicstorm','68571 Forster Terrace','Gastello','RU'),(845,'Skipfire','2 Nevada Crossing','Maţarah','YE'),(846,'Meevee','04079 Namekagon Alley','Tigaon','PH'),(847,'Divanoodle','8 Darwin Place','Phúc Yên','VN'),(848,'Bluezoom','2011 Manufacturers Circle','Majin','CN'),(849,'Cogilith','99479 Northport Park','Tinaquillo','VE'),(850,'Dabvine','49913 International Trail','Takedamachi','JP'),(851,'Zoomzone','1 Dottie Place','Al Wuday‘','YE'),(852,'Voonyx','6363 Oriole Street','Jingpeng','CN'),(853,'Oloo','697 Schiller Point','Bailu','CN'),(854,'Katz','193 Anniversary Trail','Auch','FR'),(855,'Thoughtstorm','46648 Shoshone Crossing','Póvoa','PT'),(856,'Realpoint','04 Rieder Road','Shangyuan','CN'),(857,'Zooxo','14177 Express Avenue','Xinmen','CN'),(858,'Dabjam','197 Farragut Way','Chelgard','IR'),(859,'Gigashots','2 Graedel Way','As Suwaydā','YE'),(860,'Skinder','74 Morning Alley','Bebedahan','ID'),(861,'Gabtype','10560 Lotheville Point','Pom Prap Sattru Phai','TH'),(862,'Brainsphere','269 Division Park','Monte da Boavista','PT'),(863,'Yodo','082 Katie Pass','Woippy','FR'),(864,'Feednation','6 Barby Road','Tilburg','NL'),(865,'Oyoyo','6 Kropf Street','Kushima','JP'),(866,'Photolist','036 Scott Alley','Huilong','CN'),(867,'Muxo','54 Dunning Parkway','Mādārīpur','BD'),(868,'Twinder','29 Forest Run Center','Banatska Topola','RS'),(869,'Gabvine','5182 Darwin Place','Niterói','BR'),(870,'Agivu','730 Scott Circle','Nanhe','CN'),(871,'Feedfish','69647 Bay Lane','Murmashi','RU'),(872,'Katz','31055 Bayside Parkway','Chaihu','CN'),(873,'Yamia','61 Oneill Place','Hāgere Selam','ET'),(874,'Blogspan','4 Pankratz Alley','Riang Tengah','ID'),(875,'Jabberbean','251 Bartelt Junction','Sulkava','FI'),(876,'Topicshots','4 Kennedy Hill','Xipi','CN'),(877,'Oyoba','16502 Springview Pass','Ridder','KZ'),(878,'Eidel','3 Grayhawk Plaza','Ocaña','CO'),(879,'Bubblebox','09 Southridge Hill','Tursunzoda','TJ'),(880,'Fivebridge','3 Bonner Parkway','Žiželice','CZ'),(881,'Quinu','78883 Hoard Pass','Ruzhany','BY'),(882,'Avamm','137 Laurel Drive','Kampong Chhnang','KH'),(883,'Voonix','52950 Mayer Street','Khanabad','AF'),(884,'Tanoodle','35 Mifflin Street','Smolino','RU'),(885,'Eimbee','3 5th Terrace','Dori','BF'),(886,'Skimia','9 American Plaza','Bibiani','GH'),(887,'Roomm','1 David Parkway','Vishnyakovskiye Dachi','RU'),(888,'Yodel','404 Vera Terrace','Ángeles','CR'),(889,'Twiyo','42 Meadow Ridge Point','Coté-Lai','AR'),(890,'Brightbean','8 Holmberg Crossing','Sacramento','US'),(891,'Divanoodle','22278 Hollow Ridge Court','Mandalasari','ID'),(892,'Trupe','8 Carpenter Road','Romorantin-Lanthenay','FR'),(893,'Gigabox','47572 Hooker Crossing','Nancheng','CN'),(894,'Twiyo','54 Dahle Road','Prang Ku','TH'),(895,'Browsebug','2 Commercial Terrace','Rimpeso','PH'),(896,'Jaxspan','47648 Quincy Terrace','Przelewice','PL'),(897,'Browsetype','917 Pepper Wood Parkway','Riangbaring','ID'),(898,'Avamba','61 Duke Pass','Roscoff','FR'),(899,'Edgewire','80785 Mifflin Plaza','Tampa','US'),(900,'Tagcat','067 Manley Hill','Recreio','BR'),(901,'Twitterwire','0327 Fordem Hill','Ogwashi-Uku','NG'),(902,'Eidel','59153 Macpherson Lane','Jorong Lauk','ID'),(903,'Kare','67169 International Park','Jibu Hulangtu','CN'),(904,'Mudo','0924 Red Cloud Alley','Själevad','SE'),(905,'Oyoloo','725 Maryland Parkway','Changtang','CN'),(906,'Feednation','51972 Acker Junction','Mbalmayo','CM'),(907,'Vinte','432 Comanche Park','Tsubame','JP'),(908,'Photojam','6475 Bowman Alley','Sabang','PH'),(909,'Latz','057 Melby Center','Bakıxanov','AZ'),(910,'Avamm','19185 Gina Lane','La Tigra','AR'),(911,'Yakijo','685 North Junction','Zhuji','CN'),(912,'Blognation','96 Delaware Drive','Ciperang','ID'),(913,'Viva','6935 Bunting Avenue','Songwon','KR'),(914,'Skinder','623 Londonderry Drive','Kroonstad','ZA'),(915,'Roombo','846 Hooker Terrace','Filiatrá','GR'),(916,'Dazzlesphere','27202 Independence Road','Jiangxiangzhen','CN'),(917,'Photobean','25266 Washington Court','Kulonkali','ID'),(918,'Wordify','94 Magdeline Alley','Sumberpitu','ID'),(919,'Gabcube','159 Thackeray Junction','Beloeil','CA'),(920,'Fivebridge','0 Hanover Court','Pora','ID'),(921,'Aimbu','1761 Merry Crossing','Paris 05','FR'),(922,'Jabbertype','1540 Karstens Trail','Mojkovac','ME'),(923,'Jabbersphere','42 Declaration Junction','Ravānsar','IR'),(924,'Tagpad','182 Lotheville Junction','Béziers','FR'),(925,'Youspan','20996 Debra Road','Jessore','BD'),(926,'Voonte','5 Eastlawn Parkway','Pacaycasa','PE'),(927,'Meedoo','927 Acker Crossing','Qingyuan','CN'),(928,'Photojam','5 Forest Run Terrace','Velyka Oleksandrivka','UA'),(929,'Skiptube','0 Red Cloud Terrace','Straszydle','PL'),(930,'Eamia','33818 New Castle Crossing','El Cafetal','VE'),(931,'Tazz','7 Eagle Crest Circle','Vaiamonte','PT'),(932,'Topicshots','21482 Corben Parkway','Cifuentes','CU'),(933,'Jayo','20858 Crest Line Pass','Santa Gertrudes','BR'),(934,'Photobean','6 Pine View Hill','San Jose','US'),(935,'Twinder','187 Reindahl Crossing','Huangling','CN'),(936,'Innotype','5 Crest Line Road','Banjar Medura','ID'),(937,'Livetube','72 7th Parkway','Daya','CN'),(938,'Photojam','97 Pierstorff Way','Los Arcos','PH'),(939,'Riffpath','2 Morrow Terrace','Huangtan','CN'),(940,'Divanoodle','3 Paget Drive','Aheloy','BG'),(941,'Camido','4 Montana Road','Tayabo','PH'),(942,'Vidoo','86189 Nevada Way','Pylaía','GR'),(943,'Dabjam','5 5th Hill','Dayr Mawās','EG'),(944,'Edgeify','7 Havey Park','Nggalak','ID'),(945,'Yodoo','2 Sage Lane','Rokiciny','PL'),(946,'Fivespan','29 Waywood Street','Verona','IT'),(947,'Izio','019 Farwell Parkway','Dapchi','NG'),(948,'Aimbo','0 Morningstar Avenue','Megalópoli','GR'),(949,'Feedbug','2923 Ludington Park','Týnec','CZ'),(950,'Tagcat','325 Tennyson Park','Qingzhou','CN'),(951,'Devcast','075 Texas Point','Guanqiao','CN'),(952,'JumpXS','23476 Fulton Way','Falun','SE'),(953,'Jabbertype','84 Pankratz Crossing','Peyima','SL'),(954,'Gabvine','6 Laurel Center','Sa‘sa‘','SY'),(955,'Eayo','118 Wayridge Junction','Kuleqi','CN'),(956,'Browsedrive','918 Sunfield Drive','Baiyinnuole','CN'),(957,'Ailane','9 Pawling Crossing','Jingnao','CN'),(958,'Nlounge','88867 Sutherland Alley','Tieremu','CN'),(959,'Twinder','373 Rowland Center','Aviá Terai','AR'),(960,'Browsezoom','925 Goodland Circle','Nor Gyugh','AM'),(961,'Meetz','3 Cambridge Alley','Dayangzhou','CN'),(962,'Kimia','373 Corben Terrace','Vilnius','LT'),(963,'Jayo','8 Hermina Alley','Bugo','PH'),(964,'Vimbo','5102 International Plaza','Santa Maria','MX'),(965,'Jatri','5 Tony Avenue','Makrýgialos','GR'),(966,'Meevee','1402 Kropf Parkway','Ilhabela','BR'),(967,'Vipe','33679 Aberg Trail','Nîmes','FR'),(968,'Devcast','51 Eagle Crest Point','Ma’an','CN'),(969,'Youopia','4470 7th Terrace','Baocun','CN'),(970,'Youfeed','329 Swallow Road','Xikou','CN'),(971,'Snaptags','34 Aberg Crossing','Jastrebarsko','HR'),(972,'Dablist','516 Sheridan Point','Dębno','PL'),(973,'Skidoo','32 Jay Pass','Nanpu','CN'),(974,'Tazz','7254 Montana Pass','Semibratovo','RU'),(975,'Lazz','914 Ronald Regan Plaza','Icó','BR'),(976,'Bubblemix','523 Fairview Park','San Francisco de Coray','HN'),(977,'Quimm','0 Autumn Leaf Court','Gaoqiao','CN'),(978,'Oyoba','0 Independence Way','Novopokrovskaya','RU'),(979,'Meevee','589 Ronald Regan Road','Klana','HR'),(980,'Einti','43 Kinsman Court','Bandarbeyla','SO'),(981,'Fivebridge','15703 Lindbergh Lane','Bolhrad','UA'),(982,'Twitterbridge','5977 Kim Point','Lyon','FR'),(983,'Vimbo','97 Butternut Circle','Caldelas','PT'),(984,'Gabvine','57364 Gulseth Hill','Grigiškės','LT'),(985,'Skinte','59 5th Court','Tabuny','RU'),(986,'Twitterwire','3174 Judy Avenue','Temizhbekskaya','RU'),(987,'Vipe','2578 Laurel Junction','Padre Burgos','PH'),(988,'Nlounge','41809 Havey Parkway','Itapissuma','BR'),(989,'Aimbo','91523 Towne Circle','Zhouxi','CN'),(990,'Zoozzy','21 Bayside Hill','København','DK'),(991,'Eabox','35549 Parkside Road','Santa Clara','PH'),(992,'Demimbu','164 Kingsford Road','Aikmel','ID'),(993,'Skiptube','0433 Coolidge Place','Padej','RS'),(994,'Layo','89368 Michigan Avenue','Pokrov','RU'),(995,'Rhyzio','309 Donald Terrace','Maiyema','NG'),(996,'Ozu','74753 Briar Crest Point','Nyíregyháza','HU'),(997,'Zoombeat','42707 Clemons Alley','Tubod','PH'),(998,'Topicshots','5664 Graedel Center','Jilong','CN'),(999,'Voolia','816 Columbus Way','Ninghai','CN'),(1000,'Devbug','4510 Eastlawn Pass','Hadyach','UA');

--
-- Table structure for table `genders`
--

DROP TABLE IF EXISTS `genders`;
/*!40101 SET @saved_cs_client     = @@character_set_client */;
/*!50503 SET character_set_client = utf8mb4 */;
CREATE TABLE `genders` (
  `id` int NOT NULL,
  `name` text,
  PRIMARY KEY (`id`)
) ENGINE=InnoDB DEFAULT CHARSET=utf8mb4 COLLATE=utf8mb4_0900_ai_ci;
/*!40101 SET character_set_client = @saved_cs_client */;

--
-- Dumping data for table `genders`
--

INSERT INTO `genders` VALUES (1,'Male'),(2,'Agenda'),(3,'Female'),(4,'Polygender'),(5,'Bigender'),(6,'Genderqueer'),(7,'Non-binary'),(8,'Genderfluid');

--
-- Table structure for table `users`
--

DROP TABLE IF EXISTS `users`;
/*!40101 SET @saved_cs_client     = @@character_set_client */;
/*!50503 SET character_set_client = utf8mb4 */;
CREATE TABLE `users` (
  `id` int NOT NULL,
  `gender_id` int DEFAULT NULL,
  `first_name` text,
  `last_name` text,
  `email` text,
  `ip_address` text,
  `birthdate` text,
  `birthdate_as_date` text,
  PRIMARY KEY (`id`)
) ENGINE=InnoDB DEFAULT CHARSET=utf8mb4 COLLATE=utf8mb4_0900_ai_ci;
/*!40101 SET character_set_client = @saved_cs_client */;

--
-- Dumping data for table `users`
--

INSERT INTO `users` VALUES (1,1,'Brigida','Courcey','bcourcey0@google.nl','200.234.38.44','1988-03-30 16:36:28','1988-03-30 16:36:28'),(2,2,'Marylynne','Heminsley','mheminsley1@homestead.com','67.102.61.93','1993-04-03 15:11:40','1993-04-03 15:11:40'),(3,3,'Darline','Gayden','dgayden2@webeden.co.uk','43.9.40.0','1970-06-24 10:23:33','1970-06-24 10:23:33'),(4,4,'Steven','Prattington','sprattington3@devhub.com','222.56.154.187','1990-12-25 07:55:27','1990-12-25 07:55:27'),(5,2,'Sherye','Leving','sleving4@columbia.edu','154.216.69.215','1979-01-04 01:34:54','1979-01-04 01:34:54'),(6,5,'Georgi','Varah','gvarah5@shinystat.com','70.85.77.221','1988-04-24 05:26:56','1988-04-24 05:26:56'),(7,6,'Keely','Snowsill','ksnowsill6@statcounter.com','50.224.137.135','1991-05-21 11:46:39','1991-05-21 11:46:39'),(8,4,'Neely','Everex','neverex7@soundcloud.com','48.20.135.231','1991-06-23 20:36:29','1991-06-23 20:36:29'),(9,5,'Alejandrina','Kinchley','akinchley8@auda.org.au','148.47.10.68','1998-07-22 10:45:51','1998-07-22 10:45:51'),(10,7,'Morris','Bourbon','mbourbon9@weather.com','195.47.153.236','1993-10-05 04:18:13','1993-10-05 04:18:13'),(11,7,'Korrie','Pentlow','kpentlowa@geocities.com','115.123.31.71','1994-12-28 06:45:09','1994-12-28 06:45:09'),(12,8,'Brynna','Kerswill','bkerswillb@java.com','228.21.54.99','1977-08-14 19:36:56','1977-08-14 19:36:56'),(13,2,'Ban','Grigori','bgrigoric@sakura.ne.jp','176.107.65.146','1998-02-03 06:56:31','1998-02-03 06:56:31'),(14,1,'Alecia','Jebb','ajebbd@businessweek.com','29.162.249.25','1981-09-19 05:22:40','1981-09-19 05:22:40'),(15,1,'Katee','Castellone','kcastellonee@github.io','44.49.141.105','1983-04-30 06:59:46','1983-04-30 06:59:46'),(16,8,'Ty','Sarjeant','tsarjeantf@pagesperso-orange.fr','89.84.213.84','1982-07-07 05:35:57','1982-07-07 05:35:57'),(17,1,'Christoforo','Chomicz','cchomiczg@goodreads.com','198.53.62.103','1997-08-18 16:32:22','1997-08-18 16:32:22'),(18,2,'Chandal','Cobbold','ccobboldh@squidoo.com','37.193.186.141','1973-12-17 00:11:24','1973-12-17 00:11:24'),(19,8,'Quintus','Aizlewood','qaizlewoodi@huffingtonpost.com','95.221.52.100','2000-03-03 18:43:26','2000-03-03 18:43:26'),(20,5,'Judy','Berthouloume','jberthouloumej@chicagotribune.com','205.27.59.40','1999-08-13 21:28:50','1999-08-13 21:28:50'),(21,4,'Gaynor','Dubique','gdubiquek@google.fr','232.242.115.250','1999-03-30 15:01:00','1999-03-30 15:01:00'),(22,3,'Hartley','Glenwright','hglenwrightl@jimdo.com','232.168.34.137','1989-10-08 08:26:56','1989-10-08 08:26:56'),(23,2,'Kerby','Colles','kcollesm@ustream.tv','171.252.2.210','1998-10-01 02:10:12','1998-10-01 02:10:12'),(24,1,'Farrand','Paolillo','fpaolillon@yelp.com','128.37.0.143','1979-01-01 11:18:51','1979-01-01 11:18:51'),(25,4,'Gilberto','Hustings','ghustingso@bizjournals.com','95.21.44.155','1982-07-21 05:06:33','1982-07-21 05:06:33'),(26,8,'Urbanus','Kubicek','ukubicekp@google.it','231.102.230.191','1979-09-24 16:59:11','1979-09-24 16:59:11'),(27,8,'Magda','Musslewhite','mmusslewhiteq@slideshare.net','70.33.238.217','1974-10-06 03:00:21','1974-10-06 03:00:21'),(28,8,'Liesa','Freathy','lfreathyr@wordpress.org','236.132.173.194','2000-01-06 14:06:47','2000-01-06 14:06:47'),(29,2,'Derwin','Chace','dchaces@japanpost.jp','102.220.198.243','1972-10-05 11:00:00','1972-10-05 11:00:00'),(30,2,'Hildegaard','Widdup','hwiddupt@google.ca','239.106.72.21','1991-11-01 07:46:04','1991-11-01 07:46:04'),(31,5,'Myrwyn','Poytres','mpoytresu@domainmarket.com','214.98.6.241','1987-06-20 14:40:43','1987-06-20 14:40:43'),(32,1,'Andriette','Kidde','akiddev@sitemeter.com','115.112.116.0','1985-03-06 09:26:57','1985-03-06 09:26:57'),(33,4,'Kissiah','Willisch','kwillischw@tinypic.com','255.72.63.22','1987-06-22 10:08:52','1987-06-22 10:08:52'),(34,6,'Worth','Fante','wfantex@irs.gov','13.136.206.197','1990-07-22 05:10:12','1990-07-22 05:10:12'),(35,8,'Janina','Wigzell','jwigzelly@tamu.edu','180.158.11.150','1975-11-14 04:06:20','1975-11-14 04:06:20'),(36,2,'Chaim','Caven','ccavenz@wunderground.com','115.25.141.35','1987-10-25 06:48:19','1987-10-25 06:48:19'),(37,7,'Ivar','Jozefiak','ijozefiak10@google.it','177.69.181.13','1972-09-11 19:32:51','1972-09-11 19:32:51'),(38,7,'Nap','Catanheira','ncatanheira11@dailymail.co.uk','110.200.75.174','1988-04-22 05:44:11','1988-04-22 05:44:11'),(39,5,'Odetta','Giamelli','ogiamelli12@umn.edu','200.105.142.91','1974-07-17 22:00:02','1974-07-17 22:00:02'),(40,4,'Elisha','Amphlett','eamphlett13@businessweek.com','38.187.112.218','1975-12-23 17:01:15','1975-12-23 17:01:15'),(41,4,'Elmer','Scrivinor','escrivinor14@ucsd.edu','122.248.219.253','1975-03-14 23:45:41','1975-03-14 23:45:41'),(42,1,'Carlotta','Hellis','chellis15@weebly.com','112.47.4.19','1997-02-09 19:45:27','1997-02-09 19:45:27'),(43,2,'Fanchette','Stedson','fstedson16@slashdot.org','51.34.104.185','1999-09-16 03:24:58','1999-09-16 03:24:58'),(44,6,'Demetre','Di Biagi','ddibiagi17@walmart.com','84.116.10.189','1987-12-18 19:54:15','1987-12-18 19:54:15'),(45,1,'Valeda','Horning','vhorning18@fema.gov','130.96.190.22','1996-01-08 12:13:26','1996-01-08 12:13:26'),(46,5,'Johna','Kubek','jkubek19@topsy.com','49.203.203.147','1992-05-13 00:12:21','1992-05-13 00:12:21'),(47,4,'Quillan','Keighly','qkeighly1a@sun.com','80.142.216.103','1997-04-29 14:28:35','1997-04-29 14:28:35'),(48,8,'Giffer','Sanbroke','gsanbroke1b@hao123.com','243.28.38.3','1999-02-03 15:22:16','1999-02-03 15:22:16'),(49,6,'Lester','Belli','lbelli1c@1688.com','150.150.242.165','1989-12-14 09:12:08','1989-12-14 09:12:08'),(50,5,'Horst','Huyhton','hhuyhton1d@sakura.ne.jp','180.164.49.150','1985-08-10 22:27:09','1985-08-10 22:27:09'),(51,3,'Rozanna','Habbes','rhabbes1e@google.co.jp','210.144.126.224','1985-10-13 16:32:50','1985-10-13 16:32:50'),(52,4,'Phillipp','Rowlings','prowlings1f@dyndns.org','4.201.61.3','1993-08-18 11:38:55','1993-08-18 11:38:55'),(53,1,'Etan','Laurenz','elaurenz1g@theglobeandmail.com','208.18.30.88','1984-07-19 06:52:08','1984-07-19 06:52:08'),(54,7,'Bobbi','Sauter','bsauter1h@a8.net','60.119.173.139','1981-08-06 12:45:15','1981-08-06 12:45:15'),(55,4,'Rourke','Dibbs','rdibbs1i@chronoengine.com','138.54.53.99','1995-03-19 08:01:44','1995-03-19 08:01:44'),(56,5,'Jerry','Glanister','jglanister1j@stanford.edu','129.196.101.242','1992-01-21 19:44:34','1992-01-21 19:44:34'),(57,5,'Abey','Currum','acurrum1k@shinystat.com','19.157.185.31','1980-09-17 19:59:06','1980-09-17 19:59:06'),(58,3,'Matt','Scoullar','mscoullar1l@github.com','227.189.73.129','1996-06-19 16:20:22','1996-06-19 16:20:22'),(59,1,'Wendie','Dettmar','wdettmar1m@hugedomains.com','96.250.33.23','1982-12-13 13:36:43','1982-12-13 13:36:43'),(60,8,'Kate','Bowart','kbowart1n@comcast.net','186.239.1.30','1993-12-21 00:31:02','1993-12-21 00:31:02'),(61,8,'Domenic','Isard','disard1o@hao123.com','187.6.50.101','2000-02-29 22:27:13','2000-02-29 22:27:13'),(62,2,'Tedie','Plaister','tplaister1p@nytimes.com','94.196.102.34','1992-12-02 10:50:03','1992-12-02 10:50:03'),(63,1,'Egan','Stammer','estammer1q@sakura.ne.jp','117.150.143.183','1976-09-06 23:59:45','1976-09-06 23:59:45'),(64,2,'Idalia','Kremer','ikremer1r@delicious.com','190.70.155.252','1970-08-25 19:10:41','1970-08-25 19:10:41'),(65,3,'Kev','Brunner','kbrunner1s@sun.com','126.27.26.230','1991-11-02 02:02:22','1991-11-02 02:02:22'),(66,1,'Harry','Tofpik','htofpik1t@github.io','24.178.69.196','1981-07-13 13:13:08','1981-07-13 13:13:08'),(67,1,'Alford','Windless','awindless1u@statcounter.com','50.194.154.25','1995-10-21 01:50:30','1995-10-21 01:50:30'),(68,5,'Rhiamon','Aloigi','raloigi1v@nydailynews.com','4.170.246.117','1983-06-12 13:28:08','1983-06-12 13:28:08'),(69,2,'Glyn','Proback','gproback1w@51.la','164.23.8.190','1985-06-22 14:26:11','1985-06-22 14:26:11'),(70,4,'Henriette','Losano','hlosano1x@fotki.com','246.173.114.77','1979-04-20 16:58:05','1979-04-20 16:58:05'),(71,8,'Essy','Leaming','eleaming1y@seattletimes.com','189.239.142.112','1976-01-11 08:43:29','1976-01-11 08:43:29'),(72,7,'Luke','Borrowman','lborrowman1z@dmoz.org','210.130.238.112','1987-08-08 11:49:22','1987-08-08 11:49:22'),(73,4,'Clyde','Stivani','cstivani20@noaa.gov','246.154.7.218','1973-10-05 02:46:01','1973-10-05 02:46:01'),(74,8,'Chadd','Wakenshaw','cwakenshaw21@opera.com','160.67.86.136','1975-09-02 21:35:24','1975-09-02 21:35:24'),(75,5,'Alena','Cornwall','acornwall22@yale.edu','253.109.175.21','1981-03-25 21:51:51','1981-03-25 21:51:51'),(76,1,'Domenic','Birckmann','dbirckmann23@mtv.com','61.90.2.58','1980-01-30 14:31:12','1980-01-30 14:31:12'),(77,5,'Ashby','Hoolaghan','ahoolaghan24@squidoo.com','194.195.30.179','1975-03-17 17:42:26','1975-03-17 17:42:26'),(78,2,'Lula','Meah','lmeah25@bing.com','118.192.16.231','1990-05-16 19:54:13','1990-05-16 19:54:13'),(79,2,'Uriah','Kahen','ukahen26@biblegateway.com','156.62.123.89','1996-08-22 09:31:32','1996-08-22 09:31:32'),(80,4,'Dalenna','Taplin','dtaplin27@cyberchimps.com','234.62.248.100','1982-11-04 02:36:03','1982-11-04 02:36:03'),(81,2,'Ladonna','Carus','lcarus28@instagram.com','215.1.129.85','1982-12-09 14:18:35','1982-12-09 14:18:35'),(82,1,'Cybil','Pinniger','cpinniger29@engadget.com','227.47.8.252','1973-02-09 12:39:03','1973-02-09 12:39:03'),(83,3,'Tate','Dumblton','tdumblton2a@irs.gov','118.99.70.25','1999-08-11 07:17:56','1999-08-11 07:17:56'),(84,3,'Clare','Croster','ccroster2b@cargocollective.com','67.164.14.67','1973-01-25 11:52:22','1973-01-25 11:52:22'),(85,4,'Elmira','Briance','ebriance2c@usatoday.com','35.85.132.202','1986-01-22 07:53:01','1986-01-22 07:53:01'),(86,1,'Raymond','Nisbet','rnisbet2d@ustream.tv','54.7.67.187','1976-12-01 09:34:57','1976-12-01 09:34:57'),(87,3,'Dietrich','Adriano','dadriano2e@ted.com','140.25.82.66','1981-02-14 03:10:03','1981-02-14 03:10:03'),(88,5,'Jodee','Kill','jkill2f@cdbaby.com','79.52.158.144','1974-07-13 21:19:01','1974-07-13 21:19:01'),(89,4,'Sigismond','Bartlett','sbartlett2g@eventbrite.com','60.135.35.158','1976-05-19 03:08:58','1976-05-19 03:08:58'),(90,2,'Tate','Meggison','tmeggison2h@parallels.com','100.153.212.131','1993-01-07 14:31:56','1993-01-07 14:31:56'),(91,6,'Olenka','Elderidge','oelderidge2i@pcworld.com','13.147.38.218','1975-08-09 23:36:16','1975-08-09 23:36:16'),(92,7,'Giuseppe','Sturte','gsturte2j@wikipedia.org','189.51.28.7','1973-02-04 15:47:04','1973-02-04 15:47:04'),(93,8,'Sean','McIlhatton','smcilhatton2k@marketwatch.com','118.77.148.64','1979-06-25 11:18:54','1979-06-25 11:18:54'),(94,1,'Bride','Handrick','bhandrick2l@storify.com','47.81.45.204','1993-03-26 03:10:09','1993-03-26 03:10:09'),(95,3,'De witt','Tomaschke','dtomaschke2m@engadget.com','148.253.132.225','1986-12-14 10:05:11','1986-12-14 10:05:11'),(96,1,'Jillana','McKeaveney','jmckeaveney2n@eventbrite.com','249.202.37.60','1980-11-05 22:16:39','1980-11-05 22:16:39'),(97,8,'Bartolomeo','Shitliffe','bshitliffe2o@fda.gov','161.243.178.23','1999-01-31 04:54:14','1999-01-31 04:54:14'),(98,3,'Sandy','Olyff','solyff2p@cbc.ca','248.39.205.97','1989-05-18 13:14:41','1989-05-18 13:14:41'),(99,4,'Rosaline','Braunes','rbraunes2q@skype.com','7.200.25.151','1983-06-28 11:03:54','1983-06-28 11:03:54'),(100,2,'Ailbert','Gallemore','agallemore2r@blogger.com','176.106.110.229','1987-01-23 19:21:15','1987-01-23 19:21:15'),(101,5,'Car','Keeley','ckeeley2s@army.mil','100.79.150.51','1986-09-26 23:02:46','1986-09-26 23:02:46'),(102,3,'Chic','Sorrel','csorrel2t@wisc.edu','12.121.58.47','1991-10-07 21:36:14','1991-10-07 21:36:14'),(103,6,'Damon','Zanuciolii','dzanuciolii2u@ibm.com','139.22.173.136','1990-04-09 07:33:16','1990-04-09 07:33:16'),(104,3,'Keven','Gildroy','kgildroy2v@etsy.com','61.132.74.141','1995-08-18 05:07:42','1995-08-18 05:07:42'),(105,2,'Kurtis','Thrower','kthrower2w@scientificamerican.com','103.191.203.23','1980-02-02 20:11:58','1980-02-02 20:11:58'),(106,3,'Elyssa','Soden','esoden2x@globo.com','250.202.174.31','1990-10-24 08:10:42','1990-10-24 08:10:42'),(107,7,'Paula','Lewens','plewens2y@about.com','205.52.216.58','1974-06-18 20:58:20','1974-06-18 20:58:20'),(108,6,'Hersh','O\'Scanlan','hoscanlan2z@answers.com','155.8.218.233','1992-12-30 01:19:14','1992-12-30 01:19:14'),(109,1,'Cristy','Olivie','colivie30@alexa.com','59.170.13.195','1974-07-04 04:54:17','1974-07-04 04:54:17'),(110,5,'Gusta','Shaxby','gshaxby31@addthis.com','49.16.8.30','1980-01-22 17:24:58','1980-01-22 17:24:58'),(111,7,'Latrena','Lorence','llorence32@usnews.com','241.116.134.233','1974-11-10 15:55:57','1974-11-10 15:55:57'),(112,6,'Alfy','Dik','adik33@indiatimes.com','140.182.160.92','1990-01-07 02:44:36','1990-01-07 02:44:36'),(113,6,'Pierce','Manser','pmanser34@nih.gov','223.190.168.89','1974-12-23 13:38:20','1974-12-23 13:38:20'),(114,3,'Gerome','Lympenie','glympenie35@bizjournals.com','255.155.221.19','1997-02-03 01:52:24','1997-02-03 01:52:24'),(115,5,'Oralle','Di Bernardo','odibernardo36@sphinn.com','147.86.238.15','1993-09-01 00:20:52','1993-09-01 00:20:52'),(116,8,'Meryl','Messager','mmessager37@seattletimes.com','76.79.249.198','1997-08-31 05:33:11','1997-08-31 05:33:11'),(117,2,'Dynah','Jacke','djacke38@netvibes.com','76.147.235.208','1985-08-18 07:16:23','1985-08-18 07:16:23'),(118,4,'Nikola','Coveny','ncoveny39@etsy.com','121.1.113.80','1994-08-05 10:37:57','1994-08-05 10:37:57'),(119,1,'Murvyn','Kinzett','mkinzett3a@mit.edu','8.57.129.129','1984-11-27 15:21:49','1984-11-27 15:21:49'),(120,4,'Pat','Dummer','pdummer3b@tiny.cc','231.162.65.89','1979-07-17 03:09:46','1979-07-17 03:09:46'),(121,3,'Brockie','Noweak','bnoweak3c@hibu.com','181.62.8.131','1970-07-15 19:55:02','1970-07-15 19:55:02'),(122,2,'Cory','Wrack','cwrack3d@wsj.com','230.227.174.187','1971-01-20 15:08:42','1971-01-20 15:08:42'),(123,1,'Tori','Pegler','tpegler3e@ovh.net','238.160.243.218','1992-02-07 03:11:45','1992-02-07 03:11:45'),(124,1,'Mariette','Toffolini','mtoffolini3f@hugedomains.com','87.134.128.74','1998-02-07 12:25:21','1998-02-07 12:25:21'),(125,3,'Norton','Stainer','nstainer3g@dailymail.co.uk','174.165.114.236','1998-02-27 13:06:00','1998-02-27 13:06:00'),(126,5,'Micah','Killford','mkillford3h@bbb.org','133.78.26.157','1976-10-15 22:54:55','1976-10-15 22:54:55'),(127,7,'Jean','Varfolomeev','jvarfolomeev3i@ihg.com','244.116.100.222','1984-05-15 19:17:51','1984-05-15 19:17:51'),(128,5,'Yule','Leasor','yleasor3j@china.com.cn','142.171.176.28','1978-03-19 06:25:20','1978-03-19 06:25:20'),(129,1,'Rayna','Mum','rmum3k@earthlink.net','206.8.30.230','1970-10-29 04:48:07','1970-10-29 04:48:07'),(130,3,'Carson','Westwood','cwestwood3l@java.com','114.102.0.193','1980-01-20 17:37:43','1980-01-20 17:37:43'),(131,4,'Howey','McNicol','hmcnicol3m@walmart.com','131.159.72.22','1990-04-17 14:37:03','1990-04-17 14:37:03'),(132,6,'Archie','Fountian','afountian3n@nih.gov','62.96.19.106','1978-07-18 11:29:49','1978-07-18 11:29:49'),(133,4,'Kurt','Tight','ktight3o@census.gov','253.241.118.117','1991-09-04 11:06:14','1991-09-04 11:06:14'),(134,8,'Christoforo','Raithby','craithby3p@samsung.com','49.128.90.82','2000-03-05 22:20:10','2000-03-05 22:20:10'),(135,7,'Tedra','Lawrie','tlawrie3q@jiathis.com','121.203.179.181','1985-02-18 13:08:53','1985-02-18 13:08:53'),(136,3,'Dareen','Arnet','darnet3r@fc2.com','5.237.77.232','1979-07-08 05:19:03','1979-07-08 05:19:03'),(137,5,'Kimmy','Bevans','kbevans3s@deliciousdays.com','82.169.68.246','1991-12-19 02:26:07','1991-12-19 02:26:07'),(138,3,'Tammy','Duly','tduly3t@homestead.com','77.34.74.169','1983-10-06 21:41:03','1983-10-06 21:41:03'),(139,3,'Skelly','Sycamore','ssycamore3u@twitter.com','200.32.129.25','1999-06-25 17:50:43','1999-06-25 17:50:43'),(140,8,'Dallas','Piddlehinton','dpiddlehinton3v@amazon.co.uk','107.67.199.50','1989-12-07 22:03:26','1989-12-07 22:03:26'),(141,5,'Arman','Hurne','ahurne3w@pcworld.com','215.132.98.217','1971-08-17 10:03:06','1971-08-17 10:03:06'),(142,3,'Hakeem','Lydster','hlydster3x@flickr.com','233.130.167.146','1989-09-21 05:21:17','1989-09-21 05:21:17'),(143,2,'Melva','Kidde','mkidde3y@cafepress.com','98.166.25.220','1993-12-12 19:35:45','1993-12-12 19:35:45'),(144,6,'Dede','Cuniffe','dcuniffe3z@shutterfly.com','31.225.25.113','1970-10-28 07:20:59','1970-10-28 07:20:59'),(145,6,'Gratia','Asipenko','gasipenko40@t.co','30.199.250.93','1993-06-24 02:58:04','1993-06-24 02:58:04'),(146,8,'Iorgo','Patifield','ipatifield41@e-recht24.de','38.3.91.242','1993-11-15 12:56:16','1993-11-15 12:56:16'),(147,6,'Nobe','Judgkins','njudgkins42@jalbum.net','46.108.30.231','1978-12-02 03:08:16','1978-12-02 03:08:16'),(148,4,'Willa','Simla','wsimla43@ezinearticles.com','200.233.12.203','1987-08-03 21:13:26','1987-08-03 21:13:26'),(149,4,'Glenda','Andrzejowski','gandrzejowski44@biblegateway.com','213.102.157.3','1973-12-05 07:48:23','1973-12-05 07:48:23'),(150,8,'Saunderson','Bickers','sbickers45@cloudflare.com','215.0.104.185','1972-04-05 09:52:33','1972-04-05 09:52:33'),(151,1,'Gretel','MacKaile','gmackaile46@msn.com','123.55.137.239','1972-12-18 19:35:26','1972-12-18 19:35:26'),(152,1,'Garvin','Eynaud','geynaud47@marketwatch.com','189.218.1.193','1993-03-13 00:07:16','1993-03-13 00:07:16'),(153,6,'Sharona','Mary','smary48@163.com','89.65.25.55','1998-06-15 13:27:06','1998-06-15 13:27:06'),(154,8,'Marquita','Mallinar','mmallinar49@google.co.uk','244.189.35.232','1976-12-25 18:22:29','1976-12-25 18:22:29'),(155,4,'Jorie','Eplett','jeplett4a@sakura.ne.jp','200.173.110.41','1996-08-08 18:05:39','1996-08-08 18:05:39'),(156,2,'Novelia','Baines','nbaines4b@yandex.ru','57.179.189.133','1988-03-18 04:14:39','1988-03-18 04:14:39'),(157,6,'Carlen','Howgate','chowgate4c@sohu.com','173.210.60.95','1971-06-28 04:29:01','1971-06-28 04:29:01'),(158,5,'Kass','Durtnall','kdurtnall4d@chron.com','152.161.18.166','1978-06-20 23:32:09','1978-06-20 23:32:09'),(159,8,'Rafferty','Halso','rhalso4e@msu.edu','82.43.158.78','1986-05-31 02:52:47','1986-05-31 02:52:47'),(160,6,'Mira','Conen','mconen4f@networkadvertising.org','122.113.156.153','1983-10-18 23:19:44','1983-10-18 23:19:44'),(161,5,'Karalynn','Wallentin','kwallentin4g@chron.com','189.170.5.75','1971-02-14 07:06:07','1971-02-14 07:06:07'),(162,1,'Goldie','Izatson','gizatson4h@army.mil','21.127.249.42','1989-07-10 00:44:18','1989-07-10 00:44:18'),(163,3,'Grover','Weich','gweich4i@smh.com.au','221.170.144.58','1992-07-06 16:18:43','1992-07-06 16:18:43'),(164,4,'Spencer','Boole','sboole4j@360.cn','85.141.121.56','1988-07-31 04:36:30','1988-07-31 04:36:30'),(165,3,'Ganny','Hamlington','ghamlington4k@bloomberg.com','184.42.197.95','1984-01-07 00:54:59','1984-01-07 00:54:59'),(166,3,'Ailbert','Buret','aburet4l@washington.edu','130.241.60.75','1999-01-22 17:43:54','1999-01-22 17:43:54'),(167,2,'Irving','Sarton','isarton4m@geocities.jp','3.245.188.126','1995-11-07 12:17:48','1995-11-07 12:17:48'),(168,8,'Conn','Killen','ckillen4n@xinhuanet.com','16.6.127.241','1993-10-31 12:41:22','1993-10-31 12:41:22'),(169,4,'Hillie','Collingworth','hcollingworth4o@answers.com','129.116.77.125','1971-10-27 21:48:32','1971-10-27 21:48:32'),(170,4,'Franky','Lukovic','flukovic4p@1688.com','51.112.76.133','1982-09-10 10:26:07','1982-09-10 10:26:07'),(171,7,'Conrade','Axby','caxby4q@mysql.com','47.33.135.185','1982-07-11 17:19:31','1982-07-11 17:19:31'),(172,4,'Gilbertine','Karlmann','gkarlmann4r@photobucket.com','198.194.9.5','2000-03-06 00:00:39','2000-03-06 00:00:39'),(173,4,'Zachary','Tomlin','ztomlin4s@prnewswire.com','78.59.51.92','1972-07-14 22:34:25','1972-07-14 22:34:25'),(174,5,'Gertrude','Gammidge','ggammidge4t@slideshare.net','119.216.33.2','1976-03-07 08:09:05','1976-03-07 08:09:05'),(175,3,'Bobette','Bailey','bbailey4u@plala.or.jp','130.110.80.182','1992-08-25 07:49:42','1992-08-25 07:49:42'),(176,2,'Igor','Lowden','ilowden4v@domainmarket.com','230.233.222.207','1984-06-02 09:08:56','1984-06-02 09:08:56'),(177,8,'Tansy','Alcide','talcide4w@ow.ly','130.73.163.237','1989-03-29 14:56:30','1989-03-29 14:56:30'),(178,4,'Osbourn','Fann','ofann4x@hugedomains.com','211.114.154.133','1979-12-17 12:38:14','1979-12-17 12:38:14'),(179,1,'Nedda','Dislee','ndislee4y@walmart.com','204.38.53.69','1997-09-23 07:48:08','1997-09-23 07:48:08'),(180,6,'Frazer','Kinleyside','fkinleyside4z@unicef.org','182.223.44.254','1987-06-09 15:08:31','1987-06-09 15:08:31'),(181,6,'Kandy','Levy','klevy50@sciencedaily.com','153.69.35.62','1983-01-19 13:02:55','1983-01-19 13:02:55'),(182,8,'Isa','Weatherburn','iweatherburn51@gravatar.com','106.20.135.57','1993-08-19 10:37:43','1993-08-19 10:37:43'),(183,7,'Hervey','Dary','hdary52@cbslocal.com','12.133.129.34','1973-06-18 17:49:35','1973-06-18 17:49:35'),(184,2,'Vasilis','Bleackley','vbleackley53@qq.com','176.35.190.188','1992-04-28 14:59:35','1992-04-28 14:59:35'),(185,3,'Craggie','Brims','cbrims54@i2i.jp','30.223.135.246','1971-08-12 00:19:18','1971-08-12 00:19:18'),(186,3,'Inge','D\'eye','ideye55@ustream.tv','102.172.53.110','1971-04-22 15:23:59','1971-04-22 15:23:59'),(187,3,'Cortie','Yurivtsev','cyurivtsev56@wix.com','66.8.243.117','1983-05-15 04:20:01','1983-05-15 04:20:01'),(188,1,'Cale','Gerred','cgerred57@acquirethisname.com','131.245.161.228','1988-07-05 14:23:51','1988-07-05 14:23:51'),(189,2,'Roderick','Mullin','rmullin58@vkontakte.ru','166.198.249.191','1994-05-09 18:29:15','1994-05-09 18:29:15'),(190,5,'Dominik','Pack','dpack59@paypal.com','30.52.86.35','1997-01-24 12:37:37','1997-01-24 12:37:37'),(191,3,'Marc','Elcocks','melcocks5a@aol.com','251.189.188.223','1985-01-14 20:07:58','1985-01-14 20:07:58'),(192,6,'Page','Cloonan','pcloonan5b@themeforest.net','1.191.246.21','1989-12-20 05:03:25','1989-12-20 05:03:25'),(193,5,'Waverley','Cornford','wcornford5c@sphinn.com','62.79.191.25','1996-03-08 10:12:36','1996-03-08 10:12:36'),(194,8,'Crysta','Dovey','cdovey5d@narod.ru','30.54.221.180','1974-11-14 02:53:33','1974-11-14 02:53:33'),(195,8,'Alan','ducarme','aducarme5e@tiny.cc','220.22.72.145','1981-12-24 08:26:22','1981-12-24 08:26:22'),(196,1,'Denver','Grist','dgrist5f@mashable.com','120.207.0.215','1999-11-17 14:28:56','1999-11-17 14:28:56'),(197,5,'Esme','Lansdown','elansdown5g@microsoft.com','230.188.222.43','1972-07-25 23:18:15','1972-07-25 23:18:15'),(198,6,'Adore','Thurlborn','athurlborn5h@imageshack.us','82.37.224.166','1979-01-23 22:18:56','1979-01-23 22:18:56'),(199,6,'Anne-corinne','Jarley','ajarley5i@theguardian.com','43.34.159.160','1971-01-18 11:26:10','1971-01-18 11:26:10'),(200,3,'Kerwinn','Cook','kcook5j@wisc.edu','95.133.164.146','1979-07-05 13:05:00','1979-07-05 13:05:00'),(201,5,'Jemimah','Tenny','jtenny5k@barnesandnoble.com','40.115.167.191','1986-05-08 12:31:20','1986-05-08 12:31:20'),(202,2,'Tobit','Killingbeck','tkillingbeck5l@cornell.edu','40.229.47.163','1993-07-04 18:48:50','1993-07-04 18:48:50'),(203,5,'Maria','Handrock','mhandrock5m@pbs.org','199.142.82.232','1993-05-29 04:32:13','1993-05-29 04:32:13'),(204,5,'Rodina','Mathivon','rmathivon5n@tiny.cc','125.158.239.195','1970-12-19 20:48:03','1970-12-19 20:48:03'),(205,3,'Lynda','Brunker','lbrunker5o@state.tx.us','173.33.114.155','1970-06-01 08:27:46','1970-06-01 08:27:46'),(206,5,'Worthy','Catterall','wcatterall5p@ow.ly','172.12.125.240','1980-10-30 19:05:51','1980-10-30 19:05:51'),(207,6,'Glori','McLinden','gmclinden5q@umich.edu','224.132.116.98','1978-02-19 08:48:18','1978-02-19 08:48:18'),(208,6,'Anthia','Chyuerton','achyuerton5r@auda.org.au','87.154.98.141','1989-09-08 07:30:13','1989-09-08 07:30:13'),(209,7,'Martha','Idwal Evans','midwalevans5s@usa.gov','242.234.45.123','1999-03-19 08:50:24','1999-03-19 08:50:24'),(210,5,'Dill','St. Clair','dstclair5t@businesswire.com','14.195.137.161','1980-04-09 07:55:04','1980-04-09 07:55:04'),(211,5,'Florentia','Philcott','fphilcott5u@alibaba.com','179.92.142.207','1978-07-25 03:29:55','1978-07-25 03:29:55'),(212,3,'Basile','Perulli','bperulli5v@telegraph.co.uk','112.182.240.169','1988-04-15 13:57:37','1988-04-15 13:57:37'),(213,1,'Kiri','Thraves','kthraves5w@mac.com','45.185.110.14','1989-10-21 06:04:05','1989-10-21 06:04:05'),(214,2,'Margy','Mouncey','mmouncey5x@opera.com','215.222.162.196','1982-09-30 11:22:15','1982-09-30 11:22:15'),(215,1,'Twila','Shernock','tshernock5y@netlog.com','139.12.86.242','1998-07-30 06:22:30','1998-07-30 06:22:30'),(216,3,'Manon','Bangs','mbangs5z@youtube.com','48.101.49.66','1998-09-26 02:48:46','1998-09-26 02:48:46'),(217,7,'Garald','Lancashire','glancashire60@ftc.gov','92.6.46.57','1991-03-13 09:44:11','1991-03-13 09:44:11'),(218,1,'Haley','Lovstrom','hlovstrom61@facebook.com','235.3.223.141','1979-09-20 13:42:12','1979-09-20 13:42:12'),(219,7,'Nara','Tunnick','ntunnick62@sohu.com','26.168.110.250','1986-10-31 05:57:32','1986-10-31 05:57:32'),(220,3,'Jarvis','Hillam','jhillam63@shutterfly.com','255.185.219.139','1982-06-25 17:39:25','1982-06-25 17:39:25'),(221,5,'Ysabel','Maypole','ymaypole64@pinterest.com','206.0.191.177','1976-08-24 23:42:04','1976-08-24 23:42:04'),(222,5,'Ethe','Hun','ehun65@dion.ne.jp','18.198.203.176','1975-09-01 01:38:54','1975-09-01 01:38:54'),(223,8,'Linn','Ziehm','lziehm66@weebly.com','118.186.84.29','1988-06-07 08:56:38','1988-06-07 08:56:38'),(224,1,'Gavrielle','Cadagan','gcadagan67@paypal.com','76.56.39.210','1986-07-05 15:40:56','1986-07-05 15:40:56'),(225,3,'Sidonnie','Rodda','srodda68@indiegogo.com','8.213.191.167','1976-01-20 22:08:24','1976-01-20 22:08:24'),(226,4,'Christophorus','Chataignier','cchataignier69@tumblr.com','31.244.214.76','1979-12-30 08:00:33','1979-12-30 08:00:33'),(227,4,'Bo','Marklew','bmarklew6a@dedecms.com','227.212.194.40','1994-08-17 18:03:27','1994-08-17 18:03:27'),(228,2,'Mischa','Venable','mvenable6b@amazon.co.uk','94.252.171.139','1993-09-07 11:43:45','1993-09-07 11:43:45'),(229,6,'Silvia','Bunston','sbunston6c@ovh.net','18.15.46.107','1987-12-14 03:21:53','1987-12-14 03:21:53'),(230,2,'Giles','Coster','gcoster6d@whitehouse.gov','155.240.144.156','1986-05-14 09:34:25','1986-05-14 09:34:25'),(231,6,'Hobie','Lickess','hlickess6e@mac.com','239.15.126.115','1977-01-20 16:07:43','1977-01-20 16:07:43'),(232,1,'Berne','Haws','bhaws6f@smh.com.au','163.134.39.222','1988-08-09 18:58:40','1988-08-09 18:58:40'),(233,3,'Alexa','Leve','aleve6g@china.com.cn','32.26.104.31','1986-12-11 22:17:35','1986-12-11 22:17:35'),(234,1,'Byran','Castles','bcastles6h@furl.net','70.212.160.224','1998-09-04 17:23:11','1998-09-04 17:23:11'),(235,2,'Cinda','Moorman','cmoorman6i@salon.com','101.86.215.106','1978-09-04 12:30:26','1978-09-04 12:30:26'),(236,8,'Stephannie','Davydkov','sdavydkov6j@liveinternet.ru','115.77.116.39','1975-04-09 23:34:23','1975-04-09 23:34:23'),(237,8,'Rem','Curzon','rcurzon6k@sourceforge.net','126.88.133.213','1975-04-19 11:13:28','1975-04-19 11:13:28'),(238,1,'Sidoney','Gliddon','sgliddon6l@shinystat.com','75.19.253.172','1986-02-15 06:21:27','1986-02-15 06:21:27'),(239,7,'Conrad','Bocke','cbocke6m@printfriendly.com','124.182.108.95','1994-04-16 19:08:59','1994-04-16 19:08:59'),(240,7,'Danika','Passmore','dpassmore6n@nature.com','223.246.132.173','1993-08-20 22:43:20','1993-08-20 22:43:20'),(241,8,'Kiley','Troke','ktroke6o@google.co.jp','223.19.191.10','1973-03-23 22:20:17','1973-03-23 22:20:17'),(242,6,'Collen','Casajuana','ccasajuana6p@goo.ne.jp','188.36.85.126','1988-09-01 01:16:03','1988-09-01 01:16:03'),(243,5,'Park','Marconi','pmarconi6q@moonfruit.com','116.180.25.192','1996-04-11 15:27:49','1996-04-11 15:27:49'),(244,2,'Kip','Hearfield','khearfield6r@webs.com','224.180.96.38','1974-06-23 15:22:08','1974-06-23 15:22:08'),(245,8,'Aldric','Janout','ajanout6s@dion.ne.jp','192.176.233.125','1974-10-22 03:33:31','1974-10-22 03:33:31'),(246,1,'Doy','Cockings','dcockings6t@webnode.com','58.51.208.4','1992-01-20 20:07:57','1992-01-20 20:07:57'),(247,6,'Pren','Beldom','pbeldom6u@mac.com','184.230.130.55','1985-04-20 02:44:59','1985-04-20 02:44:59'),(248,3,'Conrade','Roglieri','croglieri6v@patch.com','208.136.29.155','1988-08-14 23:07:29','1988-08-14 23:07:29'),(249,8,'Tristan','Towner','ttowner6w@earthlink.net','100.245.120.113','1979-12-20 19:22:33','1979-12-20 19:22:33'),(250,7,'Darcey','Bruyet','dbruyet6x@elegantthemes.com','55.70.98.190','1981-10-22 01:11:43','1981-10-22 01:11:43'),(251,1,'Cristina','Valentelli','cvalentelli6y@goo.ne.jp','184.129.117.58','1993-10-04 06:39:24','1993-10-04 06:39:24'),(252,2,'Myca','Lade','mlade6z@yahoo.co.jp','20.56.103.30','1977-12-25 03:09:13','1977-12-25 03:09:13'),(253,5,'Grissel','Mattisssen','gmattisssen70@forbes.com','207.244.160.194','1991-02-03 21:51:15','1991-02-03 21:51:15'),(254,5,'Bailie','Tassaker','btassaker71@soup.io','170.9.178.140','1971-01-22 14:04:09','1971-01-22 14:04:09'),(255,8,'Eddi','Roxburch','eroxburch72@hugedomains.com','199.44.229.150','1997-11-22 10:19:42','1997-11-22 10:19:42'),(256,6,'Alana','Poppy','apoppy73@nasa.gov','128.183.131.207','1979-09-27 19:52:31','1979-09-27 19:52:31'),(257,2,'Wes','Kleeborn','wkleeborn74@vk.com','28.198.104.54','1983-09-26 19:21:01','1983-09-26 19:21:01'),(258,3,'Daphna','Kleinbaum','dkleinbaum75@washington.edu','140.63.59.105','1998-04-04 07:34:00','1998-04-04 07:34:00'),(259,2,'Wald','Bailes','wbailes76@oracle.com','75.75.106.108','1983-11-29 15:32:35','1983-11-29 15:32:35'),(260,2,'Cleo','Trevance','ctrevance77@usa.gov','44.214.221.217','1973-03-01 06:15:51','1973-03-01 06:15:51'),(261,8,'Paulina','Yoslowitz','pyoslowitz78@discuz.net','21.212.64.218','1988-09-27 22:36:06','1988-09-27 22:36:06'),(262,2,'Giff','Gilding','ggilding79@cornell.edu','209.221.235.220','1998-10-24 04:36:49','1998-10-24 04:36:49'),(263,7,'Findley','Cadany','fcadany7a@newyorker.com','187.89.171.34','1994-12-02 10:53:57','1994-12-02 10:53:57'),(264,1,'Amye','Dionis','adionis7b@mediafire.com','189.28.75.24','1996-07-07 00:27:32','1996-07-07 00:27:32'),(265,6,'Devy','Edmands','dedmands7c@friendfeed.com','122.205.228.61','1994-11-04 03:26:43','1994-11-04 03:26:43'),(266,8,'Mickie','Fairholme','mfairholme7d@myspace.com','230.104.207.93','1970-06-12 14:57:06','1970-06-12 14:57:06'),(267,8,'Nola','Dow','ndow7e@photobucket.com','192.98.252.193','1985-12-21 14:58:37','1985-12-21 14:58:37'),(268,4,'Marianne','Jeal','mjeal7f@earthlink.net','166.15.54.63','1970-03-16 19:44:01','1970-03-16 19:44:01'),(269,3,'Clair','Sadry','csadry7g@virginia.edu','41.38.140.156','1977-11-26 00:31:37','1977-11-26 00:31:37'),(270,3,'Esta','Camps','ecamps7h@indiatimes.com','254.243.131.207','1984-02-25 17:48:05','1984-02-25 17:48:05'),(271,8,'Geneva','McGuckin','gmcguckin7i@jigsy.com','237.159.64.210','1996-03-12 22:04:49','1996-03-12 22:04:49'),(272,5,'Micki','Piff','mpiff7j@wufoo.com','77.170.70.200','1981-01-20 15:27:46','1981-01-20 15:27:46'),(273,1,'Lizbeth','Archambault','larchambault7k@barnesandnoble.com','206.63.167.32','1979-11-10 07:17:11','1979-11-10 07:17:11'),(274,4,'Ugo','Ishak','uishak7l@dedecms.com','58.227.129.206','1986-10-16 09:17:13','1986-10-16 09:17:13'),(275,5,'Anthe','Aspray','aaspray7m@google.cn','12.78.185.107','1999-05-25 06:30:52','1999-05-25 06:30:52'),(276,4,'Salaidh','Hasty','shasty7n@cdc.gov','78.251.7.83','1986-10-07 06:06:34','1986-10-07 06:06:34'),(277,3,'Rogerio','Yewman','ryewman7o@va.gov','59.113.177.169','1986-10-19 02:52:37','1986-10-19 02:52:37'),(278,8,'Jeanette','Marriott','jmarriott7p@scientificamerican.com','100.171.182.47','1997-11-20 17:34:57','1997-11-20 17:34:57'),(279,5,'Wendy','Ballin','wballin7q@gizmodo.com','160.174.130.228','1976-10-01 16:32:18','1976-10-01 16:32:18'),(280,5,'Kaylee','Gilston','kgilston7r@123-reg.co.uk','65.210.109.187','1987-12-18 17:42:12','1987-12-18 17:42:12'),(281,5,'Lillian','Cattellion','lcattellion7s@simplemachines.org','216.175.186.113','1987-06-19 11:28:26','1987-06-19 11:28:26'),(282,5,'Reggie','Winfindale','rwinfindale7t@topsy.com','111.11.112.21','1987-01-03 09:30:55','1987-01-03 09:30:55'),(283,5,'Marlena','Polsin','mpolsin7u@earthlink.net','250.140.95.143','1996-01-27 16:08:03','1996-01-27 16:08:03'),(284,1,'Mehetabel','Sokill','msokill7v@tripadvisor.com','199.84.169.155','1991-05-16 23:34:44','1991-05-16 23:34:44'),(285,3,'Lorne','Kirkness','lkirkness7w@nhs.uk','169.107.101.90','1971-07-31 11:43:52','1971-07-31 11:43:52'),(286,7,'Clayson','Neiland','cneiland7x@about.com','215.133.32.73','1993-07-03 01:13:50','1993-07-03 01:13:50'),(287,5,'Darwin','Creedland','dcreedland7y@microsoft.com','81.221.243.44','1996-11-16 02:59:09','1996-11-16 02:59:09'),(288,5,'Phillip','Dumblton','pdumblton7z@imdb.com','89.172.118.255','1997-12-20 04:09:19','1997-12-20 04:09:19'),(289,1,'Harry','Firminger','hfirminger80@latimes.com','141.196.223.145','1971-08-28 17:08:21','1971-08-28 17:08:21'),(290,5,'Bili','Double','bdouble81@mail.ru','34.6.221.193','1984-06-26 02:08:45','1984-06-26 02:08:45'),(291,8,'Stefa','Tolhurst','stolhurst82@barnesandnoble.com','240.219.7.172','1986-12-03 02:26:04','1986-12-03 02:26:04'),(292,2,'Kare','Ingledew','kingledew83@sourceforge.net','21.120.36.68','1990-09-27 05:29:30','1990-09-27 05:29:30'),(293,5,'Brandy','Plail','bplail84@last.fm','244.12.188.64','1991-07-20 13:59:03','1991-07-20 13:59:03'),(294,3,'Sandi','Giraudat','sgiraudat85@360.cn','227.253.249.107','1981-07-18 06:24:56','1981-07-18 06:24:56'),(295,1,'Emmy','De Michetti','edemichetti86@examiner.com','171.235.144.97','1996-05-07 01:08:26','1996-05-07 01:08:26'),(296,7,'Abbot','Farquarson','afarquarson87@springer.com','6.133.120.249','1977-02-13 22:23:36','1977-02-13 22:23:36'),(297,4,'Romain','McNaughton','rmcnaughton88@mapquest.com','51.143.16.217','1974-10-06 15:17:26','1974-10-06 15:17:26'),(298,5,'Katlin','Lorriman','klorriman89@toplist.cz','212.181.131.179','1989-05-30 06:01:42','1989-05-30 06:01:42'),(299,6,'Jephthah','Eccersley','jeccersley8a@technorati.com','158.117.195.233','1984-04-12 12:45:26','1984-04-12 12:45:26'),(300,8,'Venus','Streatfeild','vstreatfeild8b@skype.com','44.193.185.161','1995-09-28 15:19:43','1995-09-28 15:19:43'),(301,8,'Nadya','Regina','nregina8c@diigo.com','94.109.87.52','1988-07-30 12:44:40','1988-07-30 12:44:40'),(302,3,'Ragnar','Anderson','randerson8d@goo.ne.jp','255.220.207.26','1980-09-23 08:53:17','1980-09-23 08:53:17'),(303,6,'Melanie','Georgot','mgeorgot8e@flickr.com','185.130.37.41','1995-10-12 23:45:32','1995-10-12 23:45:32'),(304,3,'Ron','Cameron','rcameron8f@amazonaws.com','237.109.84.135','1996-06-17 10:51:48','1996-06-17 10:51:48'),(305,2,'Gus','Heinl','gheinl8g@phoca.cz','99.206.151.94','1975-07-14 23:22:57','1975-07-14 23:22:57'),(306,5,'Barby','Lensch','blensch8h@unicef.org','248.87.187.189','1977-05-15 12:27:39','1977-05-15 12:27:39'),(307,7,'Dannel','Bucklee','dbucklee8i@nasa.gov','239.19.220.28','1985-08-11 23:05:01','1985-08-11 23:05:01'),(308,3,'Arvie','Yushkov','ayushkov8j@gravatar.com','214.140.90.195','1988-03-10 13:14:40','1988-03-10 13:14:40'),(309,7,'Jedediah','Palle','jpalle8k@toplist.cz','2.60.200.158','1980-03-20 05:27:37','1980-03-20 05:27:37'),(310,4,'Aloysia','Swindells','aswindells8l@weather.com','243.127.249.240','1981-01-20 06:05:07','1981-01-20 06:05:07'),(311,7,'Scotti','Booty','sbooty8m@moonfruit.com','200.210.60.139','1976-03-04 21:49:04','1976-03-04 21:49:04'),(312,2,'Violette','Stanner','vstanner8n@etsy.com','4.103.10.92','1990-10-09 17:43:18','1990-10-09 17:43:18'),(313,5,'Humphrey','Gillson','hgillson8o@pen.io','39.8.136.101','1972-03-30 10:22:05','1972-03-30 10:22:05'),(314,6,'Lyndsey','Tressler','ltressler8p@vimeo.com','230.160.77.83','1976-03-04 05:39:52','1976-03-04 05:39:52'),(315,6,'Perrine','Martygin','pmartygin8q@webnode.com','222.233.247.50','1987-06-25 06:41:33','1987-06-25 06:41:33'),(316,4,'Efren','Parrish','eparrish8r@si.edu','164.66.150.197','1988-05-18 10:24:09','1988-05-18 10:24:09'),(317,2,'Adina','Van Geffen','avangeffen8s@ycombinator.com','222.32.80.173','1996-05-25 07:30:59','1996-05-25 07:30:59'),(318,4,'Muriel','Argo','margo8t@drupal.org','71.5.84.115','1978-06-27 07:09:21','1978-06-27 07:09:21'),(319,5,'Martie','Petofi','mpetofi8u@ihg.com','243.224.230.137','1976-05-05 14:27:25','1976-05-05 14:27:25'),(320,8,'Slade','Lamcken','slamcken8v@hubpages.com','110.232.39.180','1980-10-09 15:01:14','1980-10-09 15:01:14'),(321,1,'Edvard','Angless','eangless8w@google.nl','222.39.57.237','1994-07-06 12:52:45','1994-07-06 12:52:45'),(322,5,'Antony','Houndson','ahoundson8x@artisteer.com','234.87.80.79','1978-10-14 18:48:52','1978-10-14 18:48:52'),(323,8,'Sloan','Pirrey','spirrey8y@eepurl.com','46.7.255.123','1982-07-20 08:49:51','1982-07-20 08:49:51'),(324,6,'Johan','Warboy','jwarboy8z@washingtonpost.com','221.130.198.156','1970-11-27 19:54:50','1970-11-27 19:54:50'),(325,1,'Eliza','Pert','epert90@typepad.com','146.254.216.43','1984-06-22 03:22:31','1984-06-22 03:22:31'),(326,3,'Bevvy','Phillipp','bphillipp91@yandex.ru','198.252.55.186','1987-05-18 23:04:18','1987-05-18 23:04:18'),(327,7,'Alidia','Minghella','aminghella92@cyberchimps.com','208.54.139.101','1982-06-02 00:52:56','1982-06-02 00:52:56'),(328,8,'Laurie','Pickavance','lpickavance93@so-net.ne.jp','63.63.150.255','1999-07-16 02:33:36','1999-07-16 02:33:36'),(329,5,'Maressa','Emm','memm94@imageshack.us','168.241.140.230','1977-07-18 14:30:04','1977-07-18 14:30:04'),(330,2,'Eolanda','Backhurst','ebackhurst95@cnbc.com','159.71.237.176','1994-07-14 17:49:58','1994-07-14 17:49:58'),(331,6,'Josey','Breadon','jbreadon96@nymag.com','254.50.219.201','1976-12-20 15:22:21','1976-12-20 15:22:21'),(332,1,'Eamon','McIleen','emcileen97@t.co','202.123.45.76','1988-02-23 23:37:45','1988-02-23 23:37:45'),(333,5,'Madel','Crush','mcrush98@csmonitor.com','72.83.94.67','1975-06-02 19:16:28','1975-06-02 19:16:28'),(334,1,'Margalo','Cankett','mcankett99@youtu.be','236.93.31.112','1997-09-25 17:29:46','1997-09-25 17:29:46'),(335,4,'Anselma','Mayall','amayall9a@studiopress.com','46.110.230.219','1978-10-16 00:00:44','1978-10-16 00:00:44'),(336,6,'Cross','Bosence','cbosence9b@youtube.com','175.25.190.184','1981-01-11 16:13:31','1981-01-11 16:13:31'),(337,3,'Jaclin','Klasen','jklasen9c@blinklist.com','201.174.34.194','1996-05-10 11:49:22','1996-05-10 11:49:22'),(338,1,'Rubi','Baston','rbaston9d@ca.gov','69.51.189.156','1989-02-07 01:47:16','1989-02-07 01:47:16'),(339,8,'Allene','Udy','audy9e@addthis.com','208.63.204.43','1978-03-26 09:33:36','1978-03-26 09:33:36'),(340,8,'Virgina','Fellgett','vfellgett9f@liveinternet.ru','67.71.213.2','1994-03-04 22:21:30','1994-03-04 22:21:30'),(341,7,'Josefina','Chittim','jchittim9g@sphinn.com','16.196.175.253','1995-12-09 00:09:04','1995-12-09 00:09:04'),(342,8,'Cordi','Brockie','cbrockie9h@indiatimes.com','60.191.106.188','1997-10-21 17:15:50','1997-10-21 17:15:50'),(343,7,'Hiram','Stanex','hstanex9i@squidoo.com','125.225.199.195','1999-08-29 16:09:39','1999-08-29 16:09:39'),(344,3,'Hodge','Thal','hthal9j@unesco.org','215.134.216.137','1993-01-01 01:13:39','1993-01-01 01:13:39'),(345,5,'Christie','Withey','cwithey9k@apple.com','166.35.17.72','1995-12-21 21:11:48','1995-12-21 21:11:48'),(346,7,'Darnall','Borwick','dborwick9l@feedburner.com','7.106.218.235','1999-10-17 11:41:11','1999-10-17 11:41:11'),(347,1,'Muffin','Brucker','mbrucker9m@github.io','71.50.213.18','1980-12-15 01:41:03','1980-12-15 01:41:03'),(348,2,'Guenevere','Cowdroy','gcowdroy9n@ocn.ne.jp','168.41.9.24','1999-05-28 17:42:07','1999-05-28 17:42:07'),(349,7,'Antonio','Leneham','aleneham9o@delicious.com','98.52.252.51','1994-06-22 05:15:23','1994-06-22 05:15:23'),(350,4,'Ella','Portugal','eportugal9p@fda.gov','90.251.218.94','1987-05-16 15:53:32','1987-05-16 15:53:32'),(351,2,'Franky','Mathivon','fmathivon9q@un.org','49.2.199.226','1995-12-21 20:36:18','1995-12-21 20:36:18'),(352,3,'Piotr','Seagrave','pseagrave9r@ox.ac.uk','50.212.244.196','1989-09-02 21:18:54','1989-09-02 21:18:54'),(353,8,'Jessi','Ship','jship9s@economist.com','189.1.11.33','1982-03-15 02:40:26','1982-03-15 02:40:26'),(354,3,'Danila','Leverette','dleverette9t@dedecms.com','107.11.87.195','1986-01-10 09:37:27','1986-01-10 09:37:27'),(355,7,'Fania','Watton','fwatton9u@forbes.com','54.149.24.190','1990-09-21 06:37:52','1990-09-21 06:37:52'),(356,5,'Brodie','Case','bcase9v@adobe.com','39.59.108.59','1987-03-28 20:25:36','1987-03-28 20:25:36'),(357,5,'Fidel','Najara','fnajara9w@umn.edu','27.192.100.174','1995-09-02 12:56:59','1995-09-02 12:56:59'),(358,5,'De','Kirkhouse','dkirkhouse9x@google.co.jp','208.196.87.189','1972-07-02 08:09:28','1972-07-02 08:09:28'),(359,7,'Hinze','Monteaux','hmonteaux9y@biblegateway.com','37.122.235.152','1996-11-12 01:00:05','1996-11-12 01:00:05'),(360,2,'Gene','Musicka','gmusicka9z@tinypic.com','26.151.134.120','1991-03-11 11:37:27','1991-03-11 11:37:27'),(361,4,'Murvyn','Gregine','mgreginea0@craigslist.org','70.6.106.174','1997-12-14 00:05:24','1997-12-14 00:05:24'),(362,3,'Maitilde','Topper','mtoppera1@posterous.com','152.198.109.144','1994-04-03 12:06:28','1994-04-03 12:06:28'),(363,2,'Berri','Rollings','brollingsa2@over-blog.com','55.112.131.224','1974-04-12 10:16:06','1974-04-12 10:16:06'),(364,2,'Adaline','Tittletross','atittletrossa3@google.es','103.94.144.109','1992-08-14 20:08:04','1992-08-14 20:08:04'),(365,7,'Horatia','Rediers','hrediersa4@creativecommons.org','91.254.11.175','1970-09-02 02:34:19','1970-09-02 02:34:19'),(366,4,'Janaye','Killich','jkillicha5@ycombinator.com','228.148.127.75','1990-10-23 05:18:05','1990-10-23 05:18:05'),(367,8,'Judye','Heister','jheistera6@yale.edu','121.220.189.16','1992-09-12 20:10:34','1992-09-12 20:10:34'),(368,3,'Chiquia','Flavelle','cflavellea7@netvibes.com','241.78.201.245','1981-07-16 16:42:47','1981-07-16 16:42:47'),(369,6,'Caro','Cawthra','ccawthraa8@gov.uk','29.55.236.237','1976-10-02 08:07:23','1976-10-02 08:07:23'),(370,5,'Eartha','Ghidetti','eghidettia9@phpbb.com','143.120.195.77','1988-10-09 05:27:01','1988-10-09 05:27:01'),(371,4,'Caesar','Hagger','chaggeraa@parallels.com','59.42.153.227','1990-02-02 12:16:02','1990-02-02 12:16:02'),(372,5,'Opal','Pimme','opimmeab@joomla.org','28.121.243.132','1979-01-26 12:10:30','1979-01-26 12:10:30'),(373,1,'Rik','Stiven','rstivenac@youtube.com','127.242.143.105','1989-11-04 09:43:45','1989-11-04 09:43:45'),(374,5,'Becky','Foley','bfoleyad@wordpress.com','254.227.190.30','1984-07-17 00:45:54','1984-07-17 00:45:54'),(375,2,'Marian','Felstead','mfelsteadae@pagesperso-orange.fr','139.18.13.25','1979-10-16 00:58:44','1979-10-16 00:58:44'),(376,8,'Flin','Spellesy','fspellesyaf@cdbaby.com','67.212.172.146','1983-09-06 06:02:48','1983-09-06 06:02:48'),(377,8,'Lani','Cranson','lcransonag@pinterest.com','84.181.98.64','1986-12-27 17:51:53','1986-12-27 17:51:53'),(378,8,'Bourke','Thomason','bthomasonah@comsenz.com','86.67.189.162','1988-03-28 08:05:46','1988-03-28 08:05:46'),(379,2,'Olvan','Wass','owassai@opensource.org','61.41.218.137','1978-04-29 17:08:03','1978-04-29 17:08:03'),(380,8,'Justinian','Pinare','jpinareaj@webs.com','105.148.147.67','1997-05-12 08:52:40','1997-05-12 08:52:40'),(381,8,'Adelina','Bobasch','abobaschak@vk.com','128.17.60.177','1976-06-25 11:13:52','1976-06-25 11:13:52'),(382,2,'Andros','Limerick','alimerickal@sourceforge.net','41.77.58.222','1987-04-04 08:17:53','1987-04-04 08:17:53'),(383,8,'Byron','Copo','bcopoam@theguardian.com','24.42.92.79','1988-10-29 05:02:08','1988-10-29 05:02:08'),(384,5,'Darcy','Ceney','dceneyan@salon.com','23.193.131.253','1974-02-26 07:16:02','1974-02-26 07:16:02'),(385,8,'Fleming','Harsent','fharsentao@123-reg.co.uk','149.31.135.161','1978-08-19 07:45:37','1978-08-19 07:45:37'),(386,2,'Creighton','Filppetti','cfilppettiap@techcrunch.com','29.14.251.158','1976-10-26 15:33:07','1976-10-26 15:33:07'),(387,4,'Lanie','Vickers','lvickersaq@prlog.org','18.198.120.162','1975-12-25 13:23:05','1975-12-25 13:23:05'),(388,2,'Winnie','Maden','wmadenar@epa.gov','208.18.200.115','1971-01-27 21:53:19','1971-01-27 21:53:19'),(389,4,'Ciro','Blais','cblaisas@google.nl','153.243.238.35','1980-05-05 04:09:33','1980-05-05 04:09:33'),(390,3,'Iris','Astridge','iastridgeat@edublogs.org','124.48.105.91','1986-02-16 05:19:51','1986-02-16 05:19:51'),(391,1,'Gerrie','Cornfoot','gcornfootau@4shared.com','171.247.69.68','1970-03-16 08:37:31','1970-03-16 08:37:31'),(392,4,'Ferdinand','Hanse','fhanseav@issuu.com','115.52.129.142','1991-03-16 10:27:26','1991-03-16 10:27:26'),(393,7,'Peg','Cobb','pcobbaw@ucoz.com','238.254.177.109','1973-11-15 23:40:46','1973-11-15 23:40:46'),(394,7,'Lexis','Brabyn','lbrabynax@about.me','131.202.57.9','1975-05-15 09:10:21','1975-05-15 09:10:21'),(395,2,'Christophe','Lamp','clampay@omniture.com','73.22.95.128','1977-07-23 02:45:25','1977-07-23 02:45:25'),(396,1,'Anthia','Mosedale','amosedaleaz@umich.edu','91.58.110.108','1974-02-11 23:19:50','1974-02-11 23:19:50'),(397,6,'Devlen','Di Francecshi','ddifrancecshib0@nytimes.com','235.17.83.36','1992-05-09 07:04:30','1992-05-09 07:04:30'),(398,1,'Myrtle','Denver','mdenverb1@miibeian.gov.cn','26.222.142.66','2000-01-27 23:34:38','2000-01-27 23:34:38'),(399,8,'Mahmoud','Loyndon','mloyndonb2@symantec.com','32.71.199.3','1975-02-19 03:08:34','1975-02-19 03:08:34'),(400,6,'Chrysa','Duddin','cduddinb3@virginia.edu','103.191.209.199','1989-07-31 15:14:26','1989-07-31 15:14:26'),(401,4,'Bing','Bettley','bbettleyb4@ca.gov','82.138.210.184','1978-02-06 03:00:28','1978-02-06 03:00:28'),(402,1,'Antonius','Gallelli','agallellib5@rakuten.co.jp','218.40.4.165','1984-07-22 13:03:15','1984-07-22 13:03:15'),(403,5,'Maud','Edgecombe','medgecombeb6@github.com','119.254.12.167','1978-12-28 02:43:51','1978-12-28 02:43:51'),(404,8,'Gilbertine','Tschirasche','gtschirascheb7@rediff.com','129.224.144.141','1993-07-24 09:04:59','1993-07-24 09:04:59'),(405,8,'Horace','Lundberg','hlundbergb8@discovery.com','103.250.171.240','1999-08-11 00:26:17','1999-08-11 00:26:17'),(406,8,'Ervin','Kornel','ekornelb9@theguardian.com','42.222.90.145','1997-09-26 20:27:50','1997-09-26 20:27:50'),(407,8,'Gran','Clinton','gclintonba@gravatar.com','178.245.42.45','1993-02-10 10:55:25','1993-02-10 10:55:25'),(408,5,'Hilario','Stormouth','hstormouthbb@howstuffworks.com','184.143.146.111','1992-11-22 04:31:36','1992-11-22 04:31:36'),(409,2,'Jillene','Telling','jtellingbc@mozilla.org','136.227.150.154','1970-05-03 16:55:25','1970-05-03 16:55:25'),(410,2,'Hillie','Le Provest','hleprovestbd@kickstarter.com','206.2.90.115','1987-08-20 22:50:13','1987-08-20 22:50:13'),(411,4,'Dodi','Sinyard','dsinyardbe@stanford.edu','197.54.162.216','1975-01-15 16:07:45','1975-01-15 16:07:45'),(412,1,'Sanderson','Mullett','smullettbf@addthis.com','73.139.3.4','1987-10-19 01:16:37','1987-10-19 01:16:37'),(413,5,'Edlin','Tocknell','etocknellbg@pen.io','86.170.56.6','1992-01-25 03:02:58','1992-01-25 03:02:58'),(414,7,'Dionis','Skinner','dskinnerbh@etsy.com','94.111.87.52','1989-08-14 09:02:05','1989-08-14 09:02:05'),(415,8,'Dwight','Absalom','dabsalombi@sciencedaily.com','147.16.222.1','1981-07-05 12:34:02','1981-07-05 12:34:02'),(416,2,'Wally','Lalonde','wlalondebj@spiegel.de','96.204.131.191','1991-03-17 05:19:21','1991-03-17 05:19:21'),(417,7,'Zacharias','Bourner','zbournerbk@tumblr.com','215.152.173.95','1995-09-01 10:02:25','1995-09-01 10:02:25'),(418,5,'Jere','Dummer','jdummerbl@cdc.gov','211.149.242.153','1984-09-20 21:59:28','1984-09-20 21:59:28'),(419,8,'Gray','Karlqvist','gkarlqvistbm@constantcontact.com','88.241.209.18','1999-01-17 22:01:53','1999-01-17 22:01:53'),(420,3,'Roarke','Milier','rmilierbn@lycos.com','222.210.224.196','1990-11-08 09:19:47','1990-11-08 09:19:47'),(421,1,'Mikey','Guard','mguardbo@amazon.com','135.180.50.195','1995-02-16 01:27:10','1995-02-16 01:27:10'),(422,1,'Millard','Nerval','mnervalbp@dmoz.org','254.2.147.72','1999-07-10 10:31:21','1999-07-10 10:31:21'),(423,8,'Dexter','Elster','delsterbq@tmall.com','121.25.160.136','1996-02-21 23:49:36','1996-02-21 23:49:36'),(424,6,'Charlene','Woodfield','cwoodfieldbr@marketwatch.com','190.61.223.254','1983-02-09 07:04:40','1983-02-09 07:04:40'),(425,5,'Antoni','Huckster','ahucksterbs@discuz.net','193.50.107.217','1975-11-29 12:53:00','1975-11-29 12:53:00'),(426,4,'Loni','Billyeald','lbillyealdbt@woothemes.com','238.135.218.39','1991-01-21 19:54:52','1991-01-21 19:54:52'),(427,7,'Adi','Kielt','akieltbu@jimdo.com','112.164.227.199','1999-07-09 08:11:45','1999-07-09 08:11:45'),(428,1,'Miran','Fowler','mfowlerbv@smugmug.com','198.122.42.40','1972-06-30 07:59:02','1972-06-30 07:59:02'),(429,4,'Fairleigh','Lenaghen','flenaghenbw@joomla.org','181.164.96.133','1981-11-11 11:54:42','1981-11-11 11:54:42'),(430,4,'Irv','Roskam','iroskambx@jalbum.net','225.21.53.13','1990-07-08 03:12:56','1990-07-08 03:12:56'),(431,2,'Judith','Ponting','jpontingby@twitpic.com','9.8.239.196','1984-12-31 23:02:50','1984-12-31 23:02:50'),(432,1,'Brynna','Vanin','bvaninbz@skyrock.com','229.20.22.156','1995-01-16 21:33:22','1995-01-16 21:33:22'),(433,6,'Lianna','Spurrior','lspurriorc0@eepurl.com','62.125.30.65','1993-11-21 12:37:40','1993-11-21 12:37:40'),(434,4,'Horst','Ledgley','hledgleyc1@parallels.com','43.69.24.34','1978-03-08 06:22:46','1978-03-08 06:22:46'),(435,2,'Salim','Jee','sjeec2@tripod.com','44.91.120.140','1985-02-03 13:24:29','1985-02-03 13:24:29'),(436,3,'Kath','Fouracre','kfouracrec3@usnews.com','53.48.21.72','1980-06-08 03:08:22','1980-06-08 03:08:22'),(437,1,'Kessia','Dwelling','kdwellingc4@google.com.br','171.201.185.59','1999-11-30 05:08:24','1999-11-30 05:08:24'),(438,2,'Eirena','Fiddy','efiddyc5@bloglines.com','4.80.4.175','1972-11-05 13:15:04','1972-11-05 13:15:04'),(439,3,'Abby','Lynam','alynamc6@google.pl','24.237.205.116','1986-02-13 10:28:35','1986-02-13 10:28:35'),(440,3,'Gerek','Ondrus','gondrusc7@istockphoto.com','253.217.218.5','1993-11-06 13:03:54','1993-11-06 13:03:54'),(441,2,'Lydon','Rennick','lrennickc8@ustream.tv','75.23.217.18','1999-03-14 02:12:46','1999-03-14 02:12:46'),(442,6,'Stanwood','Damrel','sdamrelc9@archive.org','33.230.198.165','1999-08-08 12:31:21','1999-08-08 12:31:21'),(443,2,'Malissa','Shadbolt','mshadboltca@gizmodo.com','54.27.44.223','1987-04-04 16:53:12','1987-04-04 16:53:12'),(444,8,'Brantley','McFetrich','bmcfetrichcb@nhs.uk','195.139.130.223','1973-01-13 12:43:38','1973-01-13 12:43:38'),(445,5,'Nilson','Allon','nalloncc@addthis.com','60.86.202.128','1987-10-05 15:04:07','1987-10-05 15:04:07'),(446,7,'Donetta','Buxam','dbuxamcd@edublogs.org','52.24.167.181','1996-04-19 17:50:13','1996-04-19 17:50:13'),(447,7,'Willi','Starkey','wstarkeyce@addthis.com','145.192.132.1','1971-06-02 15:49:09','1971-06-02 15:49:09'),(448,6,'Riannon','Legan','rlegancf@icq.com','28.139.4.106','1974-06-04 20:51:30','1974-06-04 20:51:30'),(449,3,'Nataniel','Roderigo','nroderigocg@omniture.com','135.210.116.225','1988-02-16 03:48:45','1988-02-16 03:48:45'),(450,1,'Skipton','Tour','stourch@meetup.com','38.40.206.214','2000-03-11 15:09:33','2000-03-11 15:09:33'),(451,6,'Christen','Dashwood','cdashwoodci@ezinearticles.com','49.91.140.24','1993-08-22 05:41:05','1993-08-22 05:41:05'),(452,8,'Booth','Wandrich','bwandrichcj@hhs.gov','133.113.75.209','1970-05-30 17:27:39','1970-05-30 17:27:39'),(453,7,'Devinne','Fulton','dfultonck@ibm.com','60.119.192.31','1979-10-14 00:32:13','1979-10-14 00:32:13'),(454,4,'Adriana','Wharin','awharincl@miitbeian.gov.cn','81.155.234.105','1999-12-10 06:59:19','1999-12-10 06:59:19'),(455,3,'Lynn','Gayler','lgaylercm@cdc.gov','71.135.223.120','1975-07-08 02:06:54','1975-07-08 02:06:54'),(456,4,'Camile','Bree','cbreecn@salon.com','199.160.107.200','1997-12-18 20:46:18','1997-12-18 20:46:18'),(457,6,'Brana','Devigne','bdevigneco@jigsy.com','26.119.202.172','1982-09-13 03:36:12','1982-09-13 03:36:12'),(458,4,'Muriel','Hainey','mhaineycp@sakura.ne.jp','64.92.1.252','1983-09-15 13:28:34','1983-09-15 13:28:34'),(459,1,'Gustavo','Clapison','gclapisoncq@tinyurl.com','204.172.246.187','1993-04-05 04:46:56','1993-04-05 04:46:56'),(460,3,'Kira','Teager','kteagercr@taobao.com','134.112.102.128','1985-10-08 14:08:16','1985-10-08 14:08:16'),(461,6,'Corrine','Summergill','csummergillcs@privacy.gov.au','4.248.192.79','1976-03-09 19:51:04','1976-03-09 19:51:04'),(462,3,'Lorrie','Browncey','lbrownceyct@dailymotion.com','39.184.200.252','1977-09-07 23:20:31','1977-09-07 23:20:31'),(463,3,'Erma','Altree','ealtreecu@google.cn','153.168.133.48','1985-12-09 11:53:27','1985-12-09 11:53:27'),(464,5,'Raynor','Bodell','rbodellcv@webs.com','136.1.114.90','1981-11-04 23:37:15','1981-11-04 23:37:15'),(465,8,'Codie','Neeves','cneevescw@hostgator.com','236.234.205.145','1976-09-03 16:22:08','1976-09-03 16:22:08'),(466,1,'Alexia','Lipscombe','alipscombecx@newyorker.com','252.49.91.222','1983-07-28 22:57:25','1983-07-28 22:57:25'),(467,4,'Astrid','Macari','amacaricy@usatoday.com','66.51.114.0','1992-08-11 12:25:31','1992-08-11 12:25:31'),(468,3,'Sunny','Leyden','sleydencz@seesaa.net','111.87.226.55','1973-03-31 12:41:13','1973-03-31 12:41:13'),(469,3,'Georgeta','Lownsbrough','glownsbroughd0@google.co.jp','96.202.49.186','1978-05-24 07:25:27','1978-05-24 07:25:27'),(470,4,'Janina','Lapre','jlapred1@ehow.com','173.254.191.171','1974-10-17 13:57:58','1974-10-17 13:57:58'),(471,3,'Bil','Pavese','bpavesed2@google.ru','240.232.181.147','1974-03-19 23:49:10','1974-03-19 23:49:10'),(472,5,'Claudio','Nabbs','cnabbsd3@com.com','21.10.32.94','1978-10-19 08:36:38','1978-10-19 08:36:38'),(473,3,'Abeu','Coie','acoied4@jugem.jp','71.141.93.58','2000-01-27 17:40:42','2000-01-27 17:40:42'),(474,6,'Berky','Babe','bbabed5@squidoo.com','235.37.236.60','1996-03-13 09:28:15','1996-03-13 09:28:15'),(475,7,'Chan','Heaney','cheaneyd6@prnewswire.com','243.14.249.188','1970-08-30 15:11:50','1970-08-30 15:11:50'),(476,5,'Flint','Bricknall','fbricknalld7@php.net','117.225.86.164','1991-03-02 03:38:06','1991-03-02 03:38:06'),(477,4,'Merna','Caddy','mcaddyd8@home.pl','146.205.47.32','1985-01-30 06:28:08','1985-01-30 06:28:08'),(478,1,'Emlyn','Sands-Allan','esandsalland9@paginegialle.it','74.9.76.58','1981-01-09 06:09:59','1981-01-09 06:09:59'),(479,6,'Arlie','Raft','araftda@wix.com','173.194.169.143','1981-05-06 06:40:18','1981-05-06 06:40:18'),(480,3,'Ailina','Wheatcroft','awheatcroftdb@nydailynews.com','6.213.107.107','1994-10-11 20:13:16','1994-10-11 20:13:16'),(481,7,'Ardath','Hucke','ahuckedc@discuz.net','105.184.123.43','1998-10-30 13:11:09','1998-10-30 13:11:09'),(482,3,'Brion','Poston','bpostondd@pinterest.com','243.17.66.7','1983-12-19 01:19:30','1983-12-19 01:19:30'),(483,7,'Ezekiel','Miliffe','emiliffede@trellian.com','46.231.70.17','1975-07-19 11:13:36','1975-07-19 11:13:36'),(484,1,'Elinore','Peeke','epeekedf@yelp.com','205.83.77.1','1983-05-31 08:25:25','1983-05-31 08:25:25'),(485,7,'Kirby','Verriour','kverriourdg@gravatar.com','49.238.237.143','1974-01-10 19:01:19','1974-01-10 19:01:19'),(486,4,'Pauly','Rivard','privarddh@hatena.ne.jp','1.255.67.156','1979-01-27 02:43:47','1979-01-27 02:43:47'),(487,4,'Yolanthe','Fallawe','yfallawedi@soundcloud.com','129.156.60.111','1985-02-13 13:09:12','1985-02-13 13:09:12'),(488,8,'Johan','Angove','jangovedj@xrea.com','79.78.159.247','1977-01-02 16:08:30','1977-01-02 16:08:30'),(489,1,'Silvana','Gregh','sgreghdk@rambler.ru','214.195.2.212','1989-05-04 11:45:50','1989-05-04 11:45:50'),(490,7,'Petronella','Lillistone','plillistonedl@foxnews.com','117.123.134.68','1984-07-17 15:54:18','1984-07-17 15:54:18'),(491,3,'Celestina','Raffels','craffelsdm@arstechnica.com','19.225.163.215','1998-12-13 04:45:06','1998-12-13 04:45:06'),(492,7,'Staford','Keysel','skeyseldn@time.com','152.155.208.18','1986-09-29 17:21:12','1986-09-29 17:21:12'),(493,8,'Leilah','Pasterfield','lpasterfielddo@craigslist.org','105.181.72.21','1984-03-04 10:28:56','1984-03-04 10:28:56'),(494,7,'Horatia','Turton','hturtondp@a8.net','128.80.195.180','1986-01-21 14:05:48','1986-01-21 14:05:48'),(495,5,'Marcos','Bewlie','mbewliedq@netlog.com','38.73.82.123','1980-03-07 09:37:47','1980-03-07 09:37:47'),(496,1,'Simeon','Dullard','sdullarddr@xrea.com','170.121.92.62','1983-05-08 17:39:18','1983-05-08 17:39:18'),(497,2,'Murial','Bullas','mbullasds@quantcast.com','168.120.4.218','1979-02-19 01:31:32','1979-02-19 01:31:32'),(498,2,'Rivi','Asker','raskerdt@furl.net','129.232.131.42','1983-10-31 15:30:40','1983-10-31 15:30:40'),(499,8,'Rania','Gledhall','rgledhalldu@51.la','186.80.145.162','1984-10-31 06:25:23','1984-10-31 06:25:23'),(500,6,'Ruttger','Olesen','rolesendv@wp.com','163.116.14.137','1976-10-15 01:52:30','1976-10-15 01:52:30'),(501,4,'Yvonne','Grewe','ygrewedw@wikimedia.org','125.211.185.53','1988-01-30 19:11:29','1988-01-30 19:11:29'),(502,2,'Claudie','Menaul','cmenauldx@blogspot.com','159.196.135.118','1995-03-30 19:06:05','1995-03-30 19:06:05'),(503,2,'Odella','MacGilrewy','omacgilrewydy@dmoz.org','90.135.231.57','1975-06-30 16:59:24','1975-06-30 16:59:24'),(504,3,'Sarette','Durtnel','sdurtneldz@lycos.com','21.84.190.151','1978-02-27 07:26:09','1978-02-27 07:26:09'),(505,7,'Robbi','Grinin','rgrinine0@guardian.co.uk','80.17.242.35','1991-01-10 22:18:50','1991-01-10 22:18:50'),(506,7,'Livvyy','Craigmile','lcraigmilee1@1und1.de','22.101.14.71','1973-12-14 06:50:52','1973-12-14 06:50:52'),(507,2,'Kristyn','Raddan','kraddane2@cornell.edu','34.188.4.242','1984-04-26 18:17:53','1984-04-26 18:17:53'),(508,4,'Seth','Sapey','ssapeye3@virginia.edu','184.71.6.6','1987-11-13 16:48:33','1987-11-13 16:48:33'),(509,1,'Pascale','Ouslem','pousleme4@nyu.edu','131.81.71.59','1990-06-15 17:59:54','1990-06-15 17:59:54'),(510,3,'Staffard','Delyth','sdelythe5@cam.ac.uk','122.168.39.253','1985-05-10 03:33:43','1985-05-10 03:33:43'),(511,6,'Zacharias','Elsey','zelseye6@zdnet.com','31.30.21.153','1970-11-19 14:27:53','1970-11-19 14:27:53'),(512,2,'Arnaldo','Christensen','achristensene7@deliciousdays.com','210.119.112.124','1970-06-30 16:24:48','1970-06-30 16:24:48'),(513,3,'Cherin','Goodin','cgoodine8@stumbleupon.com','252.182.82.55','1971-08-20 01:36:41','1971-08-20 01:36:41'),(514,8,'Pierette','Winsor','pwinsore9@canalblog.com','88.9.203.217','1989-07-31 15:35:37','1989-07-31 15:35:37'),(515,6,'Arther','Mace','amaceea@google.de','56.11.115.236','1992-07-14 19:17:36','1992-07-14 19:17:36'),(516,5,'Carce','Exer','cexereb@typepad.com','226.143.105.202','1996-01-27 17:46:50','1996-01-27 17:46:50'),(517,1,'Jermaine','Danett','jdanettec@cnn.com','129.64.94.2','1987-09-03 03:19:41','1987-09-03 03:19:41'),(518,3,'Marnia','Klimkin','mklimkined@tmall.com','174.138.81.109','1996-05-02 14:55:00','1996-05-02 14:55:00'),(519,5,'Darnall','Brolechan','dbrolechanee@ucoz.ru','54.252.40.183','1981-08-15 08:44:12','1981-08-15 08:44:12'),(520,6,'Perry','Annell','pannellef@unc.edu','253.207.111.32','1971-08-06 06:43:52','1971-08-06 06:43:52'),(521,8,'Martguerita','Bachellier','mbachelliereg@webmd.com','59.224.194.245','1973-02-21 02:00:35','1973-02-21 02:00:35'),(522,8,'Isac','Corck','icorckeh@canalblog.com','128.67.166.107','1973-08-16 01:18:12','1973-08-16 01:18:12'),(523,5,'Theodosia','Karoly','tkarolyei@epa.gov','21.222.81.248','1982-12-04 21:54:50','1982-12-04 21:54:50'),(524,1,'Cammy','Corradeschi','ccorradeschiej@delicious.com','244.4.23.117','1987-05-24 01:30:00','1987-05-24 01:30:00'),(525,6,'Tiphani','Biggen','tbiggenek@ezinearticles.com','239.66.2.27','1985-12-30 18:47:44','1985-12-30 18:47:44'),(526,2,'Thoma','Cattini','tcattiniel@usatoday.com','244.123.36.169','1999-01-14 19:47:48','1999-01-14 19:47:48'),(527,3,'Bennett','Scullion','bscullionem@spiegel.de','163.46.102.166','1993-06-29 00:09:08','1993-06-29 00:09:08'),(528,3,'Dunc','Dunkinson','ddunkinsonen@about.com','195.174.235.111','1973-07-07 17:36:24','1973-07-07 17:36:24'),(529,2,'Axel','Banbridge','abanbridgeeo@shareasale.com','9.21.253.50','1981-03-21 18:32:59','1981-03-21 18:32:59'),(530,5,'Alick','Aberchirder','aaberchirderep@ibm.com','200.156.98.186','1970-10-15 03:01:13','1970-10-15 03:01:13'),(531,8,'Megan','Ravilus','mraviluseq@fastcompany.com','104.164.148.94','1983-05-24 10:14:48','1983-05-24 10:14:48'),(532,4,'Farrand','McLenaghan','fmclenaghaner@ocn.ne.jp','32.170.178.216','1997-12-17 02:37:30','1997-12-17 02:37:30'),(533,2,'Leeland','Waldren','lwaldrenes@census.gov','66.128.24.65','1986-09-26 09:52:21','1986-09-26 09:52:21'),(534,4,'Lorrayne','McCay','lmccayet@i2i.jp','88.143.111.220','1992-04-25 16:11:49','1992-04-25 16:11:49'),(535,6,'Elga','Bathurst','ebathursteu@vkontakte.ru','184.153.152.191','1970-09-25 11:36:43','1970-09-25 11:36:43'),(536,1,'Martha','Wolfarth','mwolfarthev@dion.ne.jp','53.77.84.88','1982-01-12 21:04:04','1982-01-12 21:04:04'),(537,4,'Albrecht','Carass','acarassew@chron.com','226.112.89.83','1999-08-21 06:14:01','1999-08-21 06:14:01'),(538,7,'Austen','Mc Meekin','amcmeekinex@ftc.gov','237.7.72.244','1972-07-05 13:39:55','1972-07-05 13:39:55'),(539,7,'Julita','Yeatman','jyeatmaney@who.int','127.47.66.79','1975-12-20 11:33:17','1975-12-20 11:33:17'),(540,8,'Caryl','Percifull','cpercifullez@icio.us','52.242.85.4','1996-11-29 20:01:44','1996-11-29 20:01:44'),(541,5,'Murry','Dikles','mdiklesf0@dmoz.org','19.108.255.184','1984-04-10 22:38:36','1984-04-10 22:38:36'),(542,3,'Allix','Fencott','afencottf1@behance.net','214.35.77.74','1997-05-30 21:07:05','1997-05-30 21:07:05'),(543,7,'Rickert','Pioch','rpiochf2@guardian.co.uk','137.217.215.183','1997-09-13 03:45:26','1997-09-13 03:45:26'),(544,3,'Eldridge','Corro','ecorrof3@istockphoto.com','153.232.77.0','1978-09-28 12:15:20','1978-09-28 12:15:20'),(545,7,'Allis','Matkin','amatkinf4@amazon.com','164.1.178.195','1979-11-07 05:14:06','1979-11-07 05:14:06'),(546,3,'Thea','Maffini','tmaffinif5@altervista.org','74.85.230.9','1970-12-09 17:22:46','1970-12-09 17:22:46'),(547,2,'Ninette','Gellately','ngellatelyf6@howstuffworks.com','187.200.105.236','1994-05-08 09:17:21','1994-05-08 09:17:21'),(548,2,'Elsie','Cumber','ecumberf7@phpbb.com','43.15.240.39','1980-08-08 13:21:23','1980-08-08 13:21:23'),(549,7,'Gonzalo','Reiach','greiachf8@nifty.com','160.114.113.153','1985-04-05 09:52:02','1985-04-05 09:52:02'),(550,5,'Gwenni','Wiffen','gwiffenf9@netlog.com','206.10.211.78','1988-12-16 16:49:09','1988-12-16 16:49:09'),(551,7,'Devonna','Bellerby','dbellerbyfa@cpanel.net','156.163.61.177','1972-07-25 05:16:41','1972-07-25 05:16:41'),(552,7,'Fara','Pavek','fpavekfb@china.com.cn','200.109.1.219','1997-10-15 00:09:18','1997-10-15 00:09:18'),(553,3,'Leontyne','Mungham','lmunghamfc@upenn.edu','8.237.20.205','1980-06-22 10:27:53','1980-06-22 10:27:53'),(554,5,'Nicol','Veel','nveelfd@ezinearticles.com','31.158.170.226','1983-04-27 05:35:39','1983-04-27 05:35:39'),(555,1,'Dale','Neising','dneisingfe@symantec.com','63.173.87.130','1972-07-25 23:20:21','1972-07-25 23:20:21'),(556,4,'Theodore','Gadault','tgadaultff@noaa.gov','138.232.156.198','1998-08-02 08:18:27','1998-08-02 08:18:27'),(557,2,'Lockwood','Stonelake','lstonelakefg@aol.com','95.161.188.11','1974-01-30 18:10:35','1974-01-30 18:10:35'),(558,3,'Brendan','Atthow','batthowfh@seesaa.net','94.183.1.162','1998-04-21 16:18:30','1998-04-21 16:18:30'),(559,4,'Joby','Jankovsky','jjankovskyfi@ustream.tv','245.252.31.211','1996-03-08 11:38:20','1996-03-08 11:38:20'),(560,4,'Magdalena','Tressler','mtresslerfj@cisco.com','188.224.118.34','1989-07-02 15:53:47','1989-07-02 15:53:47'),(561,8,'Merry','Lemon','mlemonfk@telegraph.co.uk','39.93.228.247','1975-12-12 00:24:49','1975-12-12 00:24:49'),(562,1,'Skip','McClurg','smcclurgfl@gizmodo.com','172.160.50.81','1974-10-02 07:11:26','1974-10-02 07:11:26'),(563,2,'Adaline','Given','agivenfm@cam.ac.uk','91.255.110.153','1986-02-09 11:57:31','1986-02-09 11:57:31'),(564,7,'Westbrooke','Conybear','wconybearfn@globo.com','244.167.184.94','1982-05-07 20:36:25','1982-05-07 20:36:25'),(565,1,'Titos','Ghidini','tghidinifo@histats.com','17.36.109.127','1987-05-02 09:03:22','1987-05-02 09:03:22'),(566,5,'Gabriela','Fiddiman','gfiddimanfp@forbes.com','130.4.85.128','1997-10-19 02:27:43','1997-10-19 02:27:43'),(567,6,'Modesty','Ingerson','mingersonfq@pagesperso-orange.fr','165.205.53.226','1993-05-12 01:36:57','1993-05-12 01:36:57'),(568,2,'Domini','Maine','dmainefr@usgs.gov','24.138.13.80','1974-10-27 19:05:58','1974-10-27 19:05:58'),(569,6,'Maxi','Steffens','msteffensfs@live.com','142.117.119.234','1974-01-02 11:03:37','1974-01-02 11:03:37'),(570,4,'Romona','Craven','rcravenft@paginegialle.it','91.6.154.65','1987-06-02 13:33:43','1987-06-02 13:33:43'),(571,2,'Shoshanna','Leemans','sleemansfu@bigcartel.com','120.224.213.116','1990-11-10 09:33:51','1990-11-10 09:33:51'),(572,3,'Bernadette','Fincham','bfinchamfv@dailymail.co.uk','2.37.81.53','1983-09-16 20:08:55','1983-09-16 20:08:55'),(573,4,'Moises','Rumens','mrumensfw@wunderground.com','150.242.245.110','1998-05-31 07:38:25','1998-05-31 07:38:25'),(574,6,'Caresse','Thams','cthamsfx@discuz.net','84.146.242.4','1978-07-19 02:55:00','1978-07-19 02:55:00'),(575,6,'Giorgio','Scarlin','gscarlinfy@issuu.com','150.92.150.92','1975-02-07 17:27:13','1975-02-07 17:27:13'),(576,6,'Devin','Muckley','dmuckleyfz@soup.io','28.218.106.154','1974-10-26 13:45:50','1974-10-26 13:45:50'),(577,7,'Dyann','Godmer','dgodmerg0@nymag.com','170.24.138.66','1974-12-08 05:12:16','1974-12-08 05:12:16'),(578,7,'Algernon','McMillian','amcmilliang1@jigsy.com','221.243.92.7','1996-07-20 11:17:31','1996-07-20 11:17:31'),(579,2,'Kahlil','Gonnard','kgonnardg2@nature.com','138.247.113.230','1985-09-29 06:34:59','1985-09-29 06:34:59'),(580,3,'Madella','Whates','mwhatesg3@sogou.com','22.19.107.63','1977-07-31 20:34:32','1977-07-31 20:34:32'),(581,5,'Delano','Patley','dpatleyg4@time.com','186.203.96.201','1985-11-13 04:12:00','1985-11-13 04:12:00'),(582,3,'Crysta','Menel','cmenelg5@google.nl','121.83.78.93','1991-08-06 21:19:45','1991-08-06 21:19:45'),(583,2,'Ketti','Wrigley','kwrigleyg6@vistaprint.com','13.218.137.199','1985-04-30 08:58:01','1985-04-30 08:58:01'),(584,4,'Morgen','Kermit','mkermitg7@mysql.com','71.237.153.11','1998-08-16 12:20:31','1998-08-16 12:20:31'),(585,6,'Roderic','Kinson','rkinsong8@yale.edu','148.16.16.210','1988-03-16 20:10:25','1988-03-16 20:10:25'),(586,5,'Dara','Mizzi','dmizzig9@chron.com','166.120.202.172','1985-02-14 20:47:03','1985-02-14 20:47:03'),(587,6,'Camel','Fawlkes','cfawlkesga@booking.com','138.209.64.211','1987-08-29 11:59:29','1987-08-29 11:59:29'),(588,1,'Rafaela','Mepsted','rmepstedgb@washingtonpost.com','15.125.145.252','1972-06-16 22:05:34','1972-06-16 22:05:34'),(589,4,'Stanly','Gemelli','sgemelligc@noaa.gov','49.65.127.214','1973-10-05 22:00:23','1973-10-05 22:00:23'),(590,6,'Gabriel','Frickey','gfrickeygd@businessinsider.com','172.7.68.93','1999-12-26 07:59:12','1999-12-26 07:59:12'),(591,7,'Zacharia','Tyt','ztytge@bloglines.com','188.42.44.104','1999-12-10 02:41:14','1999-12-10 02:41:14'),(592,7,'Terese','Feitosa','tfeitosagf@sina.com.cn','215.253.124.161','1986-09-22 10:45:14','1986-09-22 10:45:14'),(593,4,'Wilton','Trood','wtroodgg@ifeng.com','184.52.55.234','1994-04-30 14:54:07','1994-04-30 14:54:07'),(594,1,'Brew','Emlin','bemlingh@techcrunch.com','77.22.0.36','1988-01-01 22:15:33','1988-01-01 22:15:33'),(595,1,'Hilton','Edmeades','hedmeadesgi@omniture.com','114.17.193.80','1997-01-10 23:15:28','1997-01-10 23:15:28'),(596,5,'Richart','MacAndrew','rmacandrewgj@admin.ch','157.57.14.153','1996-03-26 15:16:54','1996-03-26 15:16:54'),(597,6,'Lisbeth','McLean','lmcleangk@accuweather.com','241.24.10.135','1987-12-24 14:53:55','1987-12-24 14:53:55'),(598,4,'Thomasin','Hanshaw','thanshawgl@ehow.com','200.83.62.124','1993-06-27 16:40:01','1993-06-27 16:40:01'),(599,6,'Cornall','Catherall','ccatherallgm@netscape.com','211.233.151.71','1991-05-14 06:40:29','1991-05-14 06:40:29'),(600,6,'Gerianne','Fidgin','gfidgingn@weibo.com','50.60.191.122','1999-10-27 11:41:37','1999-10-27 11:41:37'),(601,8,'Honey','Roskam','hroskamgo@cbsnews.com','231.119.53.67','1980-03-06 23:43:14','1980-03-06 23:43:14'),(602,7,'Roxine','Allott','rallottgp@github.io','108.9.217.139','1985-04-29 23:52:09','1985-04-29 23:52:09'),(603,5,'Adelbert','Stebbings','astebbingsgq@arizona.edu','179.81.160.40','1973-08-04 23:19:24','1973-08-04 23:19:24'),(604,6,'Ashien','Shackel','ashackelgr@unicef.org','50.34.31.104','1978-03-22 06:06:05','1978-03-22 06:06:05'),(605,8,'Car','Dmych','cdmychgs@tripod.com','112.129.228.154','1975-02-28 03:37:08','1975-02-28 03:37:08'),(606,2,'Birdie','Canby','bcanbygt@csmonitor.com','139.186.58.18','1976-11-28 20:13:37','1976-11-28 20:13:37'),(607,1,'Traver','Pingston','tpingstongu@yahoo.co.jp','141.152.93.26','1996-11-03 16:44:14','1996-11-03 16:44:14'),(608,8,'Edin','Collough','ecolloughgv@bigcartel.com','59.31.31.45','1972-03-19 22:21:31','1972-03-19 22:21:31'),(609,4,'Zack','Jerzyk','zjerzykgw@hostgator.com','97.241.131.51','1993-08-20 08:05:30','1993-08-20 08:05:30'),(610,8,'Bert','Blest','bblestgx@jimdo.com','198.56.176.131','1995-02-23 18:49:56','1995-02-23 18:49:56'),(611,3,'Toni','Baalham','tbaalhamgy@sohu.com','106.132.248.235','1997-12-28 20:30:06','1997-12-28 20:30:06'),(612,4,'Andrus','Bridgewater','abridgewatergz@cocolog-nifty.com','19.7.235.178','1994-02-25 07:52:04','1994-02-25 07:52:04'),(613,3,'Lincoln','Boliver','lboliverh0@ning.com','194.137.28.225','1990-08-26 11:48:20','1990-08-26 11:48:20'),(614,6,'Toinette','L\'Episcopi','tlepiscopih1@narod.ru','152.110.136.173','1977-04-08 12:03:11','1977-04-08 12:03:11'),(615,1,'Vivianna','Girardetti','vgirardettih2@nps.gov','19.81.108.233','1980-09-19 20:46:02','1980-09-19 20:46:02'),(616,3,'Maurizio','Hebbard','mhebbardh3@ameblo.jp','211.238.108.244','1990-05-30 16:10:23','1990-05-30 16:10:23'),(617,1,'Umberto','Lathy','ulathyh4@networkadvertising.org','195.108.189.212','1980-08-28 05:41:59','1980-08-28 05:41:59'),(618,8,'Ethelbert','Trotton','etrottonh5@dmoz.org','128.133.59.177','1995-07-27 09:06:00','1995-07-27 09:06:00'),(619,7,'Zebulen','Lavell','zlavellh6@pcworld.com','124.216.224.161','1979-09-09 10:16:28','1979-09-09 10:16:28'),(620,6,'Hersch','Winckles','hwincklesh7@dot.gov','173.158.188.237','1994-03-04 04:54:07','1994-03-04 04:54:07'),(621,1,'Rochelle','Seiler','rseilerh8@jalbum.net','115.204.168.130','1984-04-05 19:17:17','1984-04-05 19:17:17'),(622,1,'Parker','Busfield','pbusfieldh9@cornell.edu','174.109.92.113','1993-10-17 22:32:22','1993-10-17 22:32:22'),(623,3,'Balduin','Runnett','brunnettha@yahoo.co.jp','145.233.176.99','1987-04-08 08:27:01','1987-04-08 08:27:01'),(624,6,'Marylynne','Lardge','mlardgehb@cisco.com','222.47.89.123','1993-12-12 02:53:51','1993-12-12 02:53:51'),(625,4,'Payton','Dewan','pdewanhc@mtv.com','151.203.195.206','1999-03-29 02:30:14','1999-03-29 02:30:14'),(626,4,'Almeda','Nolot','anolothd@photobucket.com','47.129.88.41','1977-10-05 10:13:04','1977-10-05 10:13:04'),(627,5,'Orin','Penritt','openritthe@com.com','151.43.163.50','1982-09-04 12:13:20','1982-09-04 12:13:20'),(628,3,'Harmon','Elldred','helldredhf@google.de','96.30.58.174','1980-04-28 20:36:40','1980-04-28 20:36:40'),(629,6,'Perry','Abramsky','pabramskyhg@phpbb.com','179.200.237.13','1998-02-22 07:21:51','1998-02-22 07:21:51'),(630,6,'Katuscha','Wolfe','kwolfehh@deviantart.com','137.37.118.174','1978-03-31 03:19:07','1978-03-31 03:19:07'),(631,5,'Trueman','Sheard','tsheardhi@slate.com','134.216.154.70','1981-07-16 12:54:30','1981-07-16 12:54:30'),(632,6,'Eyde','Fudger','efudgerhj@canalblog.com','11.7.90.123','1982-08-09 21:44:51','1982-08-09 21:44:51'),(633,5,'Zane','Ferson','zfersonhk@dailymotion.com','111.72.139.188','1973-08-25 08:55:38','1973-08-25 08:55:38'),(634,3,'Ilaire','Jandac','ijandachl@ezinearticles.com','45.157.241.157','1992-03-30 19:35:12','1992-03-30 19:35:12'),(635,6,'Constanta','Murfin','cmurfinhm@tripadvisor.com','32.10.169.22','1989-01-17 14:49:12','1989-01-17 14:49:12'),(636,4,'Odey','Gilmour','ogilmourhn@arstechnica.com','228.8.206.142','1988-07-19 23:07:38','1988-07-19 23:07:38'),(637,3,'Biddie','Holdworth','bholdworthho@networkadvertising.org','151.20.131.7','1979-06-22 09:01:53','1979-06-22 09:01:53'),(638,4,'Michel','Simmins','msimminshp@bloglovin.com','141.145.142.100','1989-02-21 21:57:38','1989-02-21 21:57:38'),(639,3,'Jeanna','Windeatt','jwindeatthq@mtv.com','229.234.152.113','1989-03-10 18:51:49','1989-03-10 18:51:49'),(640,6,'Fanchon','Ranking','frankinghr@mail.ru','20.236.36.31','1978-02-09 20:13:53','1978-02-09 20:13:53'),(641,1,'Brok','Rodolf','brodolfhs@wordpress.org','227.161.162.171','1973-01-10 09:14:32','1973-01-10 09:14:32'),(642,7,'Kristos','Motten','kmottenht@ycombinator.com','84.41.105.246','1993-03-23 16:27:49','1993-03-23 16:27:49'),(643,1,'Abba','Lidbetter','alidbetterhu@forbes.com','72.133.228.184','1996-11-12 18:46:02','1996-11-12 18:46:02'),(644,2,'Willy','Dumbrell','wdumbrellhv@ucoz.com','204.118.134.152','1975-08-25 08:46:09','1975-08-25 08:46:09'),(645,4,'Anjela','Fewings','afewingshw@netlog.com','104.163.194.76','1972-04-25 11:50:26','1972-04-25 11:50:26'),(646,5,'Kennedy','McCrackan','kmccrackanhx@yolasite.com','154.83.82.164','1975-12-12 22:25:37','1975-12-12 22:25:37'),(647,2,'Ansell','Dooman','adoomanhy@facebook.com','55.14.220.240','1995-05-10 15:02:49','1995-05-10 15:02:49'),(648,6,'Sherline','Lipyeat','slipyeathz@w3.org','29.95.26.85','1987-05-30 02:32:51','1987-05-30 02:32:51'),(649,4,'Nikkie','Hallock','nhallocki0@squidoo.com','100.115.179.22','1971-10-21 00:40:04','1971-10-21 00:40:04'),(650,2,'Burgess','Scorer','bscoreri1@jimdo.com','184.1.170.121','1982-08-23 10:37:11','1982-08-23 10:37:11'),(651,8,'Lavena','Woods','lwoodsi2@spotify.com','69.81.142.239','1980-12-07 19:11:54','1980-12-07 19:11:54'),(652,6,'Adam','Anfrey','aanfreyi3@altervista.org','106.209.56.144','1972-11-23 04:55:46','1972-11-23 04:55:46'),(653,1,'Eugenie','Vanshin','evanshini4@ihg.com','192.177.157.220','1978-11-15 07:35:17','1978-11-15 07:35:17'),(654,1,'Teddy','Hallan','thallani5@ebay.co.uk','20.85.37.79','1988-03-23 18:25:58','1988-03-23 18:25:58'),(655,4,'Chrysa','L\'Hommee','clhommeei6@tuttocitta.it','3.24.172.133','1977-10-24 00:51:29','1977-10-24 00:51:29'),(656,1,'Audrey','Tunny','atunnyi7@businessweek.com','54.76.233.0','1988-02-11 07:14:23','1988-02-11 07:14:23'),(657,1,'Kirbie','Thorn','kthorni8@amazon.de','145.20.63.96','1983-12-28 16:54:31','1983-12-28 16:54:31'),(658,6,'Roselle','Kumar','rkumari9@geocities.com','193.63.108.5','1973-03-30 21:31:58','1973-03-30 21:31:58'),(659,7,'Zara','Dallicoat','zdallicoatia@dagondesign.com','222.6.245.119','1997-04-16 22:01:43','1997-04-16 22:01:43'),(660,5,'Aubert','De Rye Barrett','aderyebarrettib@t.co','104.254.181.36','1973-07-21 19:15:12','1973-07-21 19:15:12'),(661,7,'Lindsey','Minger','lmingeric@cnbc.com','128.162.79.217','1983-12-25 01:15:58','1983-12-25 01:15:58'),(662,8,'Rosamund','Pallis','rpallisid@ebay.com','98.132.201.226','1996-05-04 07:22:37','1996-05-04 07:22:37'),(663,4,'Heall','Venn','hvennie@people.com.cn','205.7.41.95','1993-04-05 11:24:30','1993-04-05 11:24:30'),(664,2,'Ilyssa','Gruszka','igruszkaif@wikia.com','231.79.169.207','1978-12-18 12:15:41','1978-12-18 12:15:41'),(665,7,'Delmor','Frantzeni','dfrantzeniig@ovh.net','12.99.43.16','1991-04-20 06:57:20','1991-04-20 06:57:20'),(666,3,'Zita','Penhall','zpenhallih@tinypic.com','151.55.103.148','1992-08-21 07:56:35','1992-08-21 07:56:35'),(667,5,'Rube','Fawthrop','rfawthropii@soundcloud.com','94.215.191.34','1989-04-19 15:52:24','1989-04-19 15:52:24'),(668,8,'Delaney','Shipton','dshiptonij@prlog.org','162.105.120.236','1974-09-15 18:52:31','1974-09-15 18:52:31'),(669,2,'Matthew','Crocombe','mcrocombeik@prnewswire.com','235.222.110.150','1978-01-08 22:08:39','1978-01-08 22:08:39'),(670,7,'Jilly','Filyushkin','jfilyushkinil@sohu.com','174.83.130.228','1987-10-18 17:21:30','1987-10-18 17:21:30'),(671,8,'Cora','Pemble','cpembleim@unicef.org','248.11.14.141','1974-05-24 06:12:34','1974-05-24 06:12:34'),(672,7,'Merola','Loughrey','mloughreyin@mashable.com','236.175.223.164','1973-10-25 11:00:30','1973-10-25 11:00:30'),(673,1,'Roxine','Atcherley','ratcherleyio@google.it','136.50.144.36','1997-02-07 03:49:47','1997-02-07 03:49:47'),(674,1,'Kellyann','Waddington','kwaddingtonip@netlog.com','238.46.125.126','1973-07-02 04:04:56','1973-07-02 04:04:56'),(675,2,'Leoine','Yushankin','lyushankiniq@jiathis.com','124.5.123.137','1982-03-23 14:55:49','1982-03-23 14:55:49'),(676,7,'Lilyan','Dumbellow','ldumbellowir@unesco.org','64.83.208.75','1974-07-06 20:03:15','1974-07-06 20:03:15'),(677,3,'Nance','Craufurd','ncraufurdis@google.es','203.198.12.21','1994-10-11 16:35:05','1994-10-11 16:35:05'),(678,8,'Roldan','Finding','rfindingit@gmpg.org','119.226.21.66','1998-01-01 23:23:11','1998-01-01 23:23:11'),(679,8,'Lucila','Creasey','lcreaseyiu@rediff.com','37.149.7.190','1989-04-28 08:27:41','1989-04-28 08:27:41'),(680,7,'Cristabel','Cornil','ccorniliv@yahoo.co.jp','0.235.240.70','1976-04-15 06:41:22','1976-04-15 06:41:22'),(681,6,'Renaud','Deuss','rdeussiw@skype.com','241.12.196.192','1977-12-17 04:10:40','1977-12-17 04:10:40'),(682,6,'Judy','Dartan','jdartanix@xinhuanet.com','0.61.139.214','1983-03-27 18:24:37','1983-03-27 18:24:37'),(683,6,'Fulvia','Espada','fespadaiy@facebook.com','63.0.33.240','1978-11-13 02:40:57','1978-11-13 02:40:57'),(684,7,'Yuma','Roll','yrolliz@jugem.jp','178.48.241.49','1977-03-13 04:03:12','1977-03-13 04:03:12'),(685,1,'Peter','Wilcockes','pwilcockesj0@boston.com','15.164.212.222','1992-08-14 01:22:53','1992-08-14 01:22:53'),(686,5,'Rhodie','Prati','rpratij1@so-net.ne.jp','168.88.16.5','1998-01-24 21:22:48','1998-01-24 21:22:48'),(687,7,'Kile','Paliser','kpaliserj2@europa.eu','84.116.166.239','1993-08-26 07:07:35','1993-08-26 07:07:35'),(688,4,'Winni','Kenealy','wkenealyj3@tumblr.com','93.25.77.109','1998-07-11 18:16:44','1998-07-11 18:16:44'),(689,1,'Cleon','Scarman','cscarmanj4@prnewswire.com','101.78.105.68','1996-12-07 13:33:47','1996-12-07 13:33:47'),(690,2,'Mercy','Musgrave','mmusgravej5@shop-pro.jp','173.102.34.193','1972-11-03 18:53:02','1972-11-03 18:53:02'),(691,2,'Sheela','Fick','sfickj6@jimdo.com','159.242.153.242','1995-07-03 09:05:54','1995-07-03 09:05:54'),(692,3,'Dahlia','Rabb','drabbj7@so-net.ne.jp','159.177.75.4','1990-09-19 14:04:12','1990-09-19 14:04:12'),(693,3,'Audrye','Nobbs','anobbsj8@last.fm','163.60.202.25','1983-02-05 13:43:52','1983-02-05 13:43:52'),(694,2,'Lurline','Gillise','lgillisej9@constantcontact.com','241.100.132.72','1990-11-30 17:59:07','1990-11-30 17:59:07'),(695,4,'Wilona','Wilacot','wwilacotja@utexas.edu','158.81.101.179','1996-09-09 11:33:21','1996-09-09 11:33:21'),(696,2,'Durant','Carp','dcarpjb@omniture.com','24.58.155.35','1974-05-10 18:14:42','1974-05-10 18:14:42'),(697,3,'Jackqueline','Knock','jknockjc@amazon.de','163.214.102.156','1985-08-28 20:54:56','1985-08-28 20:54:56'),(698,1,'Erda','Dunbabin','edunbabinjd@ask.com','109.148.147.14','1999-04-03 11:19:40','1999-04-03 11:19:40'),(699,4,'Teresa','Greste','tgresteje@netlog.com','223.112.184.240','1987-09-08 05:55:46','1987-09-08 05:55:46'),(700,7,'Wini','Dentith','wdentithjf@instagram.com','116.164.77.126','1973-10-18 06:49:05','1973-10-18 06:49:05'),(701,4,'Hermine','Growden','hgrowdenjg@networkadvertising.org','248.59.83.40','1993-05-16 19:11:58','1993-05-16 19:11:58'),(702,2,'Asia','Bullingham','abullinghamjh@opensource.org','234.160.210.169','1971-06-22 00:46:46','1971-06-22 00:46:46'),(703,2,'Nevins','Vescovo','nvescovoji@yelp.com','186.69.79.100','1979-05-11 09:05:02','1979-05-11 09:05:02'),(704,7,'Carlene','Duesberry','cduesberryjj@ihg.com','120.211.93.22','1990-10-23 22:06:04','1990-10-23 22:06:04'),(705,2,'Miof mela','Gowar','mgowarjk@yale.edu','30.60.166.167','1974-02-23 23:11:35','1974-02-23 23:11:35'),(706,5,'Filia','Abley','fableyjl@gov.uk','234.85.199.35','1996-01-03 12:39:51','1996-01-03 12:39:51'),(707,3,'Lois','MacCrosson','lmaccrossonjm@gravatar.com','20.253.136.102','1990-01-21 16:20:18','1990-01-21 16:20:18'),(708,6,'Lynette','Soule','lsoulejn@parallels.com','89.118.215.38','1981-07-28 21:48:40','1981-07-28 21:48:40'),(709,7,'Vidovik','Merwood','vmerwoodjo@ehow.com','2.195.90.121','1982-05-16 08:55:19','1982-05-16 08:55:19'),(710,6,'Genny','McEnery','gmceneryjp@bbb.org','235.137.65.69','1976-09-05 23:07:48','1976-09-05 23:07:48'),(711,5,'Janot','Cheson','jchesonjq@sciencedirect.com','235.8.206.221','1997-01-21 00:52:38','1997-01-21 00:52:38'),(712,6,'Ulberto','Pierse','upiersejr@ameblo.jp','192.60.254.68','1987-08-02 08:58:51','1987-08-02 08:58:51'),(713,1,'Bradley','Wenman','bwenmanjs@microsoft.com','140.224.157.227','1974-04-18 19:39:30','1974-04-18 19:39:30'),(714,2,'Vinson','Laidler','vlaidlerjt@miitbeian.gov.cn','68.194.105.175','1997-09-05 11:44:06','1997-09-05 11:44:06'),(715,3,'Abagael','Ivanov','aivanovju@answers.com','157.156.144.229','1989-08-04 04:49:13','1989-08-04 04:49:13'),(716,6,'Abner','Scoggins','ascogginsjv@harvard.edu','180.89.41.25','1998-01-26 09:44:30','1998-01-26 09:44:30'),(717,2,'Miller','Olland','mollandjw@gnu.org','234.29.193.205','1973-05-05 03:40:42','1973-05-05 03:40:42'),(718,4,'Walsh','Swindells','wswindellsjx@hibu.com','168.198.223.172','1979-01-01 18:27:27','1979-01-01 18:27:27'),(719,6,'Cynthia','Ferroli','cferrolijy@utexas.edu','94.36.39.1','1995-10-21 12:44:42','1995-10-21 12:44:42'),(720,1,'Palm','Meikle','pmeiklejz@cnet.com','243.94.214.28','1978-07-27 09:04:41','1978-07-27 09:04:41'),(721,3,'Sayre','Di Meo','sdimeok0@freewebs.com','181.151.49.168','1992-06-28 07:50:23','1992-06-28 07:50:23'),(722,7,'Karie','MacCaghan','kmaccaghank1@theatlantic.com','78.197.23.218','1973-12-12 04:43:55','1973-12-12 04:43:55'),(723,1,'Stevena','MacPike','smacpikek2@mediafire.com','225.169.133.254','1998-08-27 02:16:29','1998-08-27 02:16:29'),(724,6,'Martyn','Yorston','myorstonk3@upenn.edu','56.122.211.125','1987-08-04 13:58:49','1987-08-04 13:58:49'),(725,8,'Aura','Luety','aluetyk4@youtube.com','91.52.223.92','1981-02-05 02:30:05','1981-02-05 02:30:05'),(726,7,'Magdalen','Hancock','mhancockk5@bloomberg.com','126.234.206.61','1992-08-05 16:14:09','1992-08-05 16:14:09'),(727,6,'Etty','Ferrick','eferrickk6@t.co','96.8.238.213','1970-07-04 14:26:33','1970-07-04 14:26:33'),(728,5,'North','Conwell','nconwellk7@ibm.com','141.146.144.12','1998-04-09 07:55:07','1998-04-09 07:55:07'),(729,2,'Lanita','Impy','limpyk8@e-recht24.de','190.30.123.17','1991-10-26 00:17:50','1991-10-26 00:17:50'),(730,8,'Claus','Vasiltsov','cvasiltsovk9@amazon.de','41.31.33.52','1986-01-24 15:44:42','1986-01-24 15:44:42'),(731,4,'Annabel','Parsand','aparsandka@nih.gov','60.151.215.187','1981-06-03 03:48:42','1981-06-03 03:48:42'),(732,6,'Carmen','Kehoe','ckehoekb@timesonline.co.uk','65.120.23.96','1971-04-20 00:15:25','1971-04-20 00:15:25'),(733,5,'Ambrosi','Ambler','aamblerkc@de.vu','245.155.113.98','1989-01-20 08:05:03','1989-01-20 08:05:03'),(734,4,'Patrice','Bride','pbridekd@mac.com','202.106.82.114','1996-03-07 01:01:00','1996-03-07 01:01:00'),(735,6,'Martainn','Redley','mredleyke@pagesperso-orange.fr','97.77.71.204','1989-01-21 01:20:47','1989-01-21 01:20:47'),(736,6,'Denna','Grimwood','dgrimwoodkf@nbcnews.com','203.175.255.78','1986-07-29 16:29:32','1986-07-29 16:29:32'),(737,6,'Julita','Lacase','jlacasekg@independent.co.uk','96.37.160.163','1987-01-14 11:25:12','1987-01-14 11:25:12'),(738,4,'Rafaelia','Lotterington','rlotteringtonkh@plala.or.jp','193.86.178.0','1973-11-07 03:38:56','1973-11-07 03:38:56'),(739,8,'Gaston','Rupel','grupelki@ycombinator.com','8.40.215.122','1987-06-10 13:05:26','1987-06-10 13:05:26'),(740,2,'Nadine','McShirrie','nmcshirriekj@whitehouse.gov','165.134.99.175','1976-03-15 16:43:28','1976-03-15 16:43:28'),(741,7,'Nikos','De Metz','ndemetzkk@youtu.be','141.217.184.25','1987-06-28 21:34:18','1987-06-28 21:34:18'),(742,3,'Ginnie','Klus','gkluskl@flavors.me','117.118.147.245','1981-02-24 13:30:27','1981-02-24 13:30:27'),(743,3,'Janifer','Kropach','jkropachkm@vinaora.com','15.62.148.187','1998-04-19 03:31:17','1998-04-19 03:31:17'),(744,8,'Anica','Lloyd-Williams','alloydwilliamskn@microsoft.com','79.40.53.51','1984-12-25 16:29:41','1984-12-25 16:29:41'),(745,1,'Carola','Braferton','cbrafertonko@foxnews.com','110.138.74.36','1991-11-26 08:18:01','1991-11-26 08:18:01'),(746,3,'Stanislaus','Maunton','smauntonkp@hibu.com','119.72.110.130','1997-10-21 07:48:29','1997-10-21 07:48:29'),(747,6,'Andreas','Down','adownkq@github.io','172.245.91.62','1995-12-09 10:48:20','1995-12-09 10:48:20'),(748,2,'Deni','Kleint','dkleintkr@hexun.com','145.250.110.30','1986-04-25 22:38:03','1986-04-25 22:38:03'),(749,2,'Louella','Kornel','lkornelks@yolasite.com','86.6.217.157','1989-01-12 16:53:10','1989-01-12 16:53:10'),(750,6,'Dela','Lindstedt','dlindstedtkt@bloglines.com','23.41.152.164','1989-05-10 06:17:02','1989-05-10 06:17:02'),(751,8,'Rana','Hinz','rhinzku@ovh.net','104.209.111.143','1999-11-01 02:33:19','1999-11-01 02:33:19'),(752,5,'Britt','Exer','bexerkv@wufoo.com','65.247.148.98','1977-09-27 18:39:27','1977-09-27 18:39:27'),(753,5,'Dorey','Mohring','dmohringkw@globo.com','245.252.170.163','1988-11-30 21:03:55','1988-11-30 21:03:55'),(754,6,'Patricia','Reck','preckkx@opera.com','186.230.85.141','1990-11-24 03:10:30','1990-11-24 03:10:30'),(755,7,'Anabella','Crisall','acrisallky@sitemeter.com','212.11.171.17','1987-07-04 08:26:02','1987-07-04 08:26:02'),(756,8,'Von','Kener','vkenerkz@ow.ly','209.216.106.207','1973-12-29 12:27:40','1973-12-29 12:27:40'),(757,2,'Ileane','Schooling','ischoolingl0@seesaa.net','15.244.160.194','1974-01-08 01:24:08','1974-01-08 01:24:08'),(758,1,'Judah','Chene','jchenel1@tuttocitta.it','183.137.213.86','1994-10-16 16:26:18','1994-10-16 16:26:18'),(759,1,'Sigismund','Chomicki','schomickil2@businessinsider.com','247.206.4.216','1998-12-02 02:52:15','1998-12-02 02:52:15'),(760,6,'Annie','Milne','amilnel3@reuters.com','207.87.15.95','1974-03-03 13:09:11','1974-03-03 13:09:11'),(761,2,'Sarine','Sawyer','ssawyerl4@squarespace.com','92.120.84.27','1972-05-19 17:49:01','1972-05-19 17:49:01'),(762,4,'Riobard','Eckhard','reckhardl5@squarespace.com','194.40.144.160','1978-03-14 03:54:51','1978-03-14 03:54:51'),(763,1,'Cora','De Bell','cdebelll6@webnode.com','55.83.127.4','1972-11-19 02:44:53','1972-11-19 02:44:53'),(764,6,'Adan','Hartigan','ahartiganl7@weather.com','167.243.246.238','1995-05-19 22:29:02','1995-05-19 22:29:02'),(765,5,'Mommy','Meneux','mmeneuxl8@fotki.com','68.175.42.92','1973-04-02 17:50:19','1973-04-02 17:50:19'),(766,7,'Chantal','Cake','ccakel9@businessweek.com','81.197.4.181','1972-01-07 19:24:13','1972-01-07 19:24:13'),(767,3,'Bunny','Poynter','bpoynterla@paginegialle.it','167.19.51.206','1982-06-26 21:53:04','1982-06-26 21:53:04'),(768,6,'Glyn','Gheeorghie','ggheeorghielb@cnbc.com','172.234.221.235','1996-04-05 10:34:13','1996-04-05 10:34:13'),(769,1,'Janey','Balsom','jbalsomlc@shutterfly.com','51.233.62.241','1980-09-25 09:17:10','1980-09-25 09:17:10'),(770,6,'Gwenora','Morfey','gmorfeyld@multiply.com','229.115.17.170','1977-06-23 14:54:48','1977-06-23 14:54:48'),(771,8,'Candice','Comizzoli','ccomizzolile@goo.gl','45.69.6.128','1981-12-30 01:48:25','1981-12-30 01:48:25'),(772,8,'Hinda','Crossman','hcrossmanlf@dell.com','254.59.47.178','1983-12-17 14:01:58','1983-12-17 14:01:58'),(773,4,'Gabriell','Presswell','gpresswelllg@miibeian.gov.cn','193.175.232.38','1987-01-07 17:47:36','1987-01-07 17:47:36'),(774,8,'Ezekiel','Stading','estadinglh@admin.ch','251.68.67.73','1970-05-28 05:53:20','1970-05-28 05:53:20'),(775,6,'Phylys','Aloway','palowayli@smugmug.com','19.204.27.166','1984-01-16 17:39:35','1984-01-16 17:39:35'),(776,3,'Dorrie','Brimacombe','dbrimacombelj@oracle.com','58.167.120.228','1994-05-01 02:23:16','1994-05-01 02:23:16'),(777,8,'Rosamond','Wyett','rwyettlk@angelfire.com','6.76.195.48','1975-08-23 07:43:07','1975-08-23 07:43:07'),(778,7,'Jeannie','Avraam','javraamll@sitemeter.com','235.71.233.63','1990-07-25 20:34:39','1990-07-25 20:34:39'),(779,1,'Harli','Philcock','hphilcocklm@elegantthemes.com','115.17.235.176','1984-04-02 13:31:57','1984-04-02 13:31:57'),(780,2,'Perry','Sallery','psalleryln@cisco.com','73.44.114.36','1995-08-17 06:21:00','1995-08-17 06:21:00'),(781,8,'Alyosha','De Bischop','adebischoplo@mozilla.com','133.243.135.214','1994-09-13 20:35:15','1994-09-13 20:35:15'),(782,3,'Elysha','Navein','enaveinlp@infoseek.co.jp','82.224.133.6','1982-04-21 18:42:32','1982-04-21 18:42:32'),(783,2,'Wyatan','Gitthouse','wgitthouselq@w3.org','70.213.228.32','1975-06-21 06:06:34','1975-06-21 06:06:34'),(784,1,'Cynthy','Fatharly','cfatharlylr@timesonline.co.uk','15.201.146.125','1989-04-22 09:32:00','1989-04-22 09:32:00'),(785,1,'Bernardine','Southcott','bsouthcottls@jalbum.net','151.225.50.74','1981-09-03 15:50:23','1981-09-03 15:50:23'),(786,7,'Yasmin','Petrillo','ypetrillolt@studiopress.com','106.167.12.139','1980-11-09 02:04:13','1980-11-09 02:04:13'),(787,6,'Bria','Tousey','btouseylu@com.com','82.57.71.241','1991-11-12 02:55:32','1991-11-12 02:55:32'),(788,4,'Christiano','Byart','cbyartlv@reddit.com','84.144.251.248','1974-01-02 23:03:07','1974-01-02 23:03:07'),(789,7,'Merell','Darcy','mdarcylw@globo.com','60.233.126.41','1987-01-02 13:41:02','1987-01-02 13:41:02'),(790,2,'Ginnie','Akker','gakkerlx@vkontakte.ru','26.94.126.84','1973-09-12 05:07:19','1973-09-12 05:07:19'),(791,5,'Fransisco','McElrath','fmcelrathly@newyorker.com','79.213.129.159','1986-01-22 11:16:19','1986-01-22 11:16:19'),(792,6,'Vikki','Wilbud','vwilbudlz@mozilla.org','204.54.178.115','1977-08-29 20:04:01','1977-08-29 20:04:01'),(793,4,'Oliver','Lind','olindm0@squarespace.com','225.143.218.76','1974-06-26 01:56:13','1974-06-26 01:56:13'),(794,3,'Minnaminnie','Paolazzi','mpaolazzim1@hao123.com','153.198.130.213','1984-09-15 22:30:44','1984-09-15 22:30:44'),(795,5,'Ramon','Cosh','rcoshm2@answers.com','42.13.151.232','1973-02-09 04:16:24','1973-02-09 04:16:24'),(796,3,'Aeriela','Prantl','aprantlm3@ucsd.edu','70.12.235.189','1987-09-10 00:39:19','1987-09-10 00:39:19'),(797,5,'Steven','Minocchi','sminocchim4@globo.com','144.86.162.254','1992-06-20 20:52:10','1992-06-20 20:52:10'),(798,2,'Andros','Bellsham','abellshamm5@tripod.com','98.0.233.86','1987-03-16 22:57:47','1987-03-16 22:57:47'),(799,4,'Dulciana','Serman','dsermanm6@ebay.co.uk','230.55.182.135','1981-05-22 12:54:39','1981-05-22 12:54:39'),(800,2,'Audy','Wyd','awydm7@biglobe.ne.jp','137.16.29.164','1977-04-12 15:36:29','1977-04-12 15:36:29'),(801,3,'Sutherland','Mell','smellm8@wired.com','50.34.94.156','1974-09-18 13:56:58','1974-09-18 13:56:58'),(802,2,'Ivette','Isakson','iisaksonm9@google.de','55.172.151.85','1991-09-08 06:03:19','1991-09-08 06:03:19'),(803,7,'Iain','Alu','ialuma@google.co.uk','1.108.81.173','1989-08-02 08:18:46','1989-08-02 08:18:46'),(804,4,'Lynea','Colebourne','lcolebournemb@patch.com','203.41.193.234','1982-10-02 03:25:17','1982-10-02 03:25:17'),(805,3,'Alvinia','Lamprecht','alamprechtmc@devhub.com','6.189.37.252','1990-03-09 00:51:10','1990-03-09 00:51:10'),(806,8,'Dominick','Harmant','dharmantmd@patch.com','195.207.100.236','1981-12-09 19:57:19','1981-12-09 19:57:19'),(807,7,'Kelbee','Buxy','kbuxyme@parallels.com','198.135.66.176','1992-06-22 22:58:10','1992-06-22 22:58:10'),(808,8,'Ally','Andreou','aandreoumf@gnu.org','180.24.71.239','1975-05-22 04:51:57','1975-05-22 04:51:57'),(809,2,'Joshua','Sancto','jsanctomg@woothemes.com','30.78.245.119','1980-09-22 11:45:38','1980-09-22 11:45:38'),(810,1,'Zachariah','Dast','zdastmh@vinaora.com','224.65.60.238','1993-08-26 10:33:18','1993-08-26 10:33:18'),(811,7,'Boycey','Lyddyard','blyddyardmi@cbsnews.com','21.217.212.149','1981-06-27 20:19:37','1981-06-27 20:19:37'),(812,2,'Cal','Derham','cderhammj@google.es','141.239.127.60','1998-06-18 11:09:35','1998-06-18 11:09:35'),(813,6,'Simon','Anstie','sanstiemk@fastcompany.com','173.2.132.141','1996-12-26 01:40:04','1996-12-26 01:40:04'),(814,2,'Jed','Seton','jsetonml@github.io','30.127.200.102','1970-10-23 08:51:32','1970-10-23 08:51:32'),(815,6,'Pierrette','Geeve','pgeevemm@aol.com','252.59.95.170','1996-09-01 21:54:38','1996-09-01 21:54:38'),(816,8,'Lincoln','Presland','lpreslandmn@aboutads.info','49.100.158.210','1974-11-28 06:21:15','1974-11-28 06:21:15'),(817,8,'Denyse','Bickersteth','dbickerstethmo@shop-pro.jp','245.153.11.201','1976-11-13 21:09:43','1976-11-13 21:09:43'),(818,2,'Raynard','Gatcliff','rgatcliffmp@geocities.com','59.54.139.52','1992-06-22 07:19:28','1992-06-22 07:19:28'),(819,4,'Hamlen','Speir','hspeirmq@ehow.com','15.203.158.179','1987-04-24 04:53:52','1987-04-24 04:53:52'),(820,7,'Agathe','Strethill','astrethillmr@marketwatch.com','68.240.210.225','1993-10-22 05:15:14','1993-10-22 05:15:14'),(821,8,'Fidelia','Da Costa','fdacostams@naver.com','193.199.180.180','1983-05-23 13:09:02','1983-05-23 13:09:02'),(822,6,'Deeann','Gellately','dgellatelymt@fc2.com','72.66.57.46','1990-06-29 21:50:10','1990-06-29 21:50:10'),(823,1,'Ivor','Stobbes','istobbesmu@theglobeandmail.com','247.73.33.91','1993-01-20 09:18:08','1993-01-20 09:18:08'),(824,5,'Dov','Bowlands','dbowlandsmv@businessinsider.com','176.123.27.161','1979-10-18 17:19:33','1979-10-18 17:19:33'),(825,3,'Reinhold','Dimsdale','rdimsdalemw@npr.org','93.199.19.73','1975-02-26 08:52:17','1975-02-26 08:52:17'),(826,1,'Corie','Barcke','cbarckemx@reference.com','40.171.107.135','1972-06-03 08:28:29','1972-06-03 08:28:29'),(827,5,'Ronna','Fenna','rfennamy@t-online.de','117.100.58.146','1990-10-10 20:13:31','1990-10-10 20:13:31'),(828,3,'Shana','Cridge','scridgemz@amazon.co.jp','201.125.151.234','1988-05-31 02:15:32','1988-05-31 02:15:32'),(829,3,'Phillipp','Shaves','pshavesn0@wordpress.org','60.46.236.28','1975-08-17 03:45:58','1975-08-17 03:45:58'),(830,2,'Lesya','Rubertelli','lrubertellin1@quantcast.com','34.19.187.50','1971-06-07 03:28:10','1971-06-07 03:28:10'),(831,8,'Brear','Leverton','blevertonn2@naver.com','33.70.225.224','1984-04-18 16:58:57','1984-04-18 16:58:57'),(832,7,'Helaine','McFeate','hmcfeaten3@hubpages.com','220.248.132.221','1974-10-07 21:20:50','1974-10-07 21:20:50'),(833,3,'Joan','Muxworthy','jmuxworthyn4@mozilla.com','41.130.246.68','1974-09-23 21:50:39','1974-09-23 21:50:39'),(834,6,'Shayna','Etheridge','setheridgen5@ustream.tv','195.79.185.113','1986-02-09 23:31:54','1986-02-09 23:31:54'),(835,3,'Darelle','Thornhill','dthornhilln6@sohu.com','44.200.214.104','1997-04-10 00:52:17','1997-04-10 00:52:17'),(836,4,'Avril','Searles','asearlesn7@amazon.co.jp','139.65.229.145','1994-06-07 20:07:44','1994-06-07 20:07:44'),(837,8,'Bran','Boken','bbokenn8@bigcartel.com','117.71.23.97','1984-04-25 18:57:42','1984-04-25 18:57:42'),(838,4,'Raine','Tripney','rtripneyn9@sakura.ne.jp','218.119.66.244','1970-10-23 20:22:20','1970-10-23 20:22:20'),(839,6,'Grant','Stranger','gstrangerna@dyndns.org','146.169.141.109','1973-11-26 23:05:09','1973-11-26 23:05:09'),(840,6,'Lothario','Bendon','lbendonnb@xing.com','161.241.135.29','1985-08-19 18:36:16','1985-08-19 18:36:16'),(841,6,'Walther','Hellicar','whellicarnc@slashdot.org','34.99.242.232','1979-11-21 18:26:23','1979-11-21 18:26:23'),(842,3,'Baxter','Westgarth','bwestgarthnd@flavors.me','250.55.128.222','1999-12-03 10:41:05','1999-12-03 10:41:05'),(843,3,'Jayme','De Bruijne','jdebruijnene@geocities.jp','209.73.218.47','1994-04-05 15:08:43','1994-04-05 15:08:43'),(844,3,'Mersey','Patron','mpatronnf@chron.com','243.179.196.225','1982-05-08 02:46:18','1982-05-08 02:46:18'),(845,6,'Tomasina','Goodband','tgoodbandng@youku.com','125.51.53.107','1993-12-14 22:32:31','1993-12-14 22:32:31'),(846,8,'Odelia','Jeavons','ojeavonsnh@infoseek.co.jp','227.4.72.138','1999-08-02 19:44:17','1999-08-02 19:44:17'),(847,5,'Willa','Danson','wdansonni@walmart.com','6.109.126.0','1981-04-01 01:51:13','1981-04-01 01:51:13'),(848,5,'Clair','Kettridge','ckettridgenj@nationalgeographic.com','27.26.193.186','1972-12-26 02:32:19','1972-12-26 02:32:19'),(849,3,'Kaylil','Bucke','kbuckenk@soundcloud.com','43.82.65.32','1990-08-11 00:33:28','1990-08-11 00:33:28'),(850,3,'Cedric','Unthank','cunthanknl@istockphoto.com','173.17.205.99','1979-06-10 11:18:19','1979-06-10 11:18:19'),(851,5,'Addy','Borrott','aborrottnm@usgs.gov','141.115.77.66','1993-05-11 00:33:33','1993-05-11 00:33:33'),(852,4,'Cordelia','Dugget','cduggetnn@wp.com','115.9.28.255','1985-02-22 11:25:20','1985-02-22 11:25:20'),(853,7,'Page','Sutlieff','psutlieffno@cbsnews.com','12.137.182.175','1993-06-11 01:11:12','1993-06-11 01:11:12'),(854,6,'Diandra','Jordanson','djordansonnp@miitbeian.gov.cn','104.225.235.104','1981-02-20 18:22:56','1981-02-20 18:22:56'),(855,5,'Dasi','Dyerson','ddyersonnq@vkontakte.ru','251.119.216.181','1998-12-21 05:59:05','1998-12-21 05:59:05'),(856,6,'Perle','McRonald','pmcronaldnr@ted.com','82.213.112.104','1981-02-12 08:19:36','1981-02-12 08:19:36'),(857,4,'Gustav','Le Guin','gleguinns@unblog.fr','198.28.222.144','1972-02-27 16:10:10','1972-02-27 16:10:10'),(858,1,'Barbe','Lansdowne','blansdownent@deviantart.com','83.251.116.79','1990-04-15 17:48:29','1990-04-15 17:48:29'),(859,3,'Andrea','Decreuze','adecreuzenu@surveymonkey.com','107.82.224.119','1976-02-29 15:48:52','1976-02-29 15:48:52'),(860,2,'Tabbi','Noah','tnoahnv@mtv.com','181.244.89.79','1972-08-08 22:48:14','1972-08-08 22:48:14'),(861,2,'Keen','Walton','kwaltonnw@cdc.gov','138.6.188.100','1976-09-22 17:09:36','1976-09-22 17:09:36'),(862,3,'Ximenez','Mallock','xmallocknx@hud.gov','147.139.22.150','1981-11-09 21:30:13','1981-11-09 21:30:13'),(863,7,'Alastair','Tack','atackny@jiathis.com','147.205.236.42','1993-08-31 04:04:12','1993-08-31 04:04:12'),(864,5,'Jerrie','Richford','jrichfordnz@xrea.com','200.146.36.129','1993-11-30 06:45:49','1993-11-30 06:45:49'),(865,1,'Jeannie','Bermingham','jberminghamo0@howstuffworks.com','11.123.234.102','1988-06-23 10:34:21','1988-06-23 10:34:21'),(866,2,'Katine','Poynser','kpoynsero1@discovery.com','99.158.119.187','1974-10-23 14:10:16','1974-10-23 14:10:16'),(867,8,'Maurice','Lapham','mlaphamo2@bloomberg.com','110.254.158.223','1976-12-18 03:37:44','1976-12-18 03:37:44'),(868,7,'Saloma','Itschakov','sitschakovo3@google.es','170.143.211.89','1988-11-22 04:36:05','1988-11-22 04:36:05'),(869,2,'Kinna','Latchmore','klatchmoreo4@google.de','68.107.51.69','1987-10-24 22:15:31','1987-10-24 22:15:31'),(870,6,'Lisetta','Columbell','lcolumbello5@friendfeed.com','253.41.221.176','1992-08-05 14:51:27','1992-08-05 14:51:27'),(871,4,'Ezmeralda','Asche','eascheo6@topsy.com','214.5.176.24','1983-08-03 00:19:16','1983-08-03 00:19:16'),(872,4,'Nevil','Extil','nextilo7@springer.com','51.26.177.42','1972-09-05 14:48:27','1972-09-05 14:48:27'),(873,7,'Yvette','Petre','ypetreo8@admin.ch','82.176.162.249','1994-08-05 14:32:38','1994-08-05 14:32:38'),(874,4,'Gustaf','McCrow','gmccrowo9@ftc.gov','163.220.101.88','1993-09-11 09:51:16','1993-09-11 09:51:16'),(875,1,'Tulley','Tunnock','ttunnockoa@xing.com','244.64.78.222','1987-03-09 04:26:25','1987-03-09 04:26:25'),(876,3,'Emelen','Glowacz','eglowaczob@ning.com','213.131.123.173','1987-01-09 19:22:29','1987-01-09 19:22:29'),(877,4,'Fenelia','Killiam','fkilliamoc@sina.com.cn','185.250.185.191','1978-09-27 13:08:41','1978-09-27 13:08:41'),(878,8,'Clemence','MacAllaster','cmacallasterod@ca.gov','219.97.27.48','1975-10-16 14:58:38','1975-10-16 14:58:38'),(879,8,'Sena','Presho','spreshooe@mayoclinic.com','176.205.76.178','1993-08-01 19:33:35','1993-08-01 19:33:35'),(880,7,'Zena','Tummond','ztummondof@latimes.com','44.38.97.133','1974-11-08 18:09:29','1974-11-08 18:09:29'),(881,2,'Dorella','Pentony','dpentonyog@goodreads.com','245.69.49.12','1979-05-08 01:11:56','1979-05-08 01:11:56'),(882,7,'Alden','Queenborough','aqueenboroughoh@newyorker.com','120.187.72.6','1981-05-27 08:19:12','1981-05-27 08:19:12'),(883,6,'Joseph','Giovanitti','jgiovanittioi@addthis.com','169.109.82.201','1971-01-10 01:33:14','1971-01-10 01:33:14'),(884,3,'Packston','Moakes','pmoakesoj@lulu.com','116.42.44.202','1976-03-28 13:42:55','1976-03-28 13:42:55'),(885,1,'Alec','Tarburn','atarburnok@hatena.ne.jp','38.33.94.164','1999-03-02 04:06:24','1999-03-02 04:06:24'),(886,5,'Ichabod','Dallimare','idallimareol@plala.or.jp','146.13.182.142','1974-09-26 13:47:07','1974-09-26 13:47:07'),(887,3,'Trixy','Barthrop','tbarthropom@163.com','207.184.236.161','1997-09-05 22:35:06','1997-09-05 22:35:06'),(888,2,'Shanon','Nurden','snurdenon@washington.edu','247.131.70.113','1983-06-09 12:18:51','1983-06-09 12:18:51'),(889,1,'Almira','Kilshall','akilshalloo@hostgator.com','195.39.215.191','1998-08-14 15:56:57','1998-08-14 15:56:57'),(890,2,'Rae','Grumley','rgrumleyop@amazon.com','162.46.180.162','2000-01-16 23:54:42','2000-01-16 23:54:42'),(891,8,'Mariel','Coutts','mcouttsoq@diigo.com','245.212.56.51','1973-05-24 23:22:20','1973-05-24 23:22:20'),(892,6,'Andonis','Willerstone','awillerstoneor@ask.com','94.88.223.137','1991-09-26 13:31:20','1991-09-26 13:31:20'),(893,4,'Paulo','Natwick','pnatwickos@umn.edu','43.202.84.48','1999-05-10 00:45:08','1999-05-10 00:45:08'),(894,2,'Etienne','Locarno','elocarnoot@cmu.edu','54.166.9.202','1987-08-02 23:16:59','1987-08-02 23:16:59'),(895,4,'Leanora','Hamal','lhamalou@ucsd.edu','176.107.190.142','1981-12-22 19:33:49','1981-12-22 19:33:49'),(896,5,'Giovanna','Fynan','gfynanov@123-reg.co.uk','174.246.163.228','1987-10-28 00:08:36','1987-10-28 00:08:36'),(897,6,'Martie','Raiment','mraimentow@nsw.gov.au','66.0.74.70','1991-07-25 08:26:16','1991-07-25 08:26:16'),(898,6,'Doralynn','Meiklejohn','dmeiklejohnox@fotki.com','139.250.22.14','1979-10-26 02:27:11','1979-10-26 02:27:11'),(899,3,'Allis','Artis','aartisoy@cloudflare.com','202.78.52.170','1995-11-24 17:10:16','1995-11-24 17:10:16'),(900,3,'Orella','Pickwell','opickwelloz@linkedin.com','235.11.157.213','1985-11-05 14:16:48','1985-11-05 14:16:48'),(901,7,'Christel','Dacca','cdaccap0@ucoz.com','45.90.124.46','1980-02-29 07:34:19','1980-02-29 07:34:19'),(902,4,'Kayle','Darbon','kdarbonp1@walmart.com','154.88.161.205','1971-11-15 04:40:41','1971-11-15 04:40:41'),(903,6,'Marietta','Bynert','mbynertp2@hud.gov','74.190.237.55','1975-11-04 17:07:05','1975-11-04 17:07:05'),(904,4,'Rafaelia','Rugg','rruggp3@spotify.com','212.108.156.212','1986-11-11 04:36:49','1986-11-11 04:36:49'),(905,5,'Nanette','Clarey','nclareyp4@time.com','104.175.83.130','1998-03-13 19:30:11','1998-03-13 19:30:11'),(906,5,'Artemus','Tomas','atomasp5@livejournal.com','135.65.194.163','1975-12-26 12:13:32','1975-12-26 12:13:32'),(907,7,'Natty','Embling','nemblingp6@msu.edu','1.33.102.248','1990-07-31 22:02:43','1990-07-31 22:02:43'),(908,6,'Chauncey','Maddin','cmaddinp7@blog.com','14.80.202.70','1994-11-23 14:05:30','1994-11-23 14:05:30'),(909,6,'Ludvig','Jendas','ljendasp8@archive.org','71.91.105.174','1995-05-10 00:52:11','1995-05-10 00:52:11'),(910,8,'Gunilla','Abade','gabadep9@paginegialle.it','131.125.175.168','1999-12-06 09:41:31','1999-12-06 09:41:31'),(911,7,'Giordano','McKeighan','gmckeighanpa@guardian.co.uk','231.249.32.41','1993-04-16 03:30:57','1993-04-16 03:30:57'),(912,2,'Fania','Wenger','fwengerpb@paypal.com','24.27.181.114','1989-09-17 14:31:39','1989-09-17 14:31:39'),(913,6,'Hollyanne','Straniero','hstranieropc@npr.org','106.138.63.136','1987-05-26 01:57:50','1987-05-26 01:57:50'),(914,6,'Addi','Armsby','aarmsbypd@cdc.gov','228.180.12.79','1994-06-19 01:18:18','1994-06-19 01:18:18'),(915,8,'Gaspard','Kasman','gkasmanpe@github.io','201.183.146.223','1985-03-05 14:53:52','1985-03-05 14:53:52'),(916,7,'Arlan','Bermingham','aberminghampf@shop-pro.jp','36.79.139.193','1993-03-19 17:18:02','1993-03-19 17:18:02'),(917,8,'Basia','Clohissy','bclohissypg@unc.edu','14.40.55.57','1995-03-01 21:10:34','1995-03-01 21:10:34'),(918,4,'Kylen','Rathbourne','krathbourneph@diigo.com','213.28.13.211','1993-03-25 18:35:03','1993-03-25 18:35:03'),(919,2,'Howie','Hellwig','hhellwigpi@auda.org.au','188.38.118.77','1996-10-26 17:08:14','1996-10-26 17:08:14'),(920,8,'Kalie','Sidry','ksidrypj@miibeian.gov.cn','211.86.73.94','1987-04-21 09:51:02','1987-04-21 09:51:02'),(921,4,'Emalee','Timothy','etimothypk@4shared.com','205.120.228.15','1970-08-04 09:52:03','1970-08-04 09:52:03'),(922,1,'Clotilda','Comford','ccomfordpl@unicef.org','101.49.65.102','1975-10-20 02:23:46','1975-10-20 02:23:46'),(923,5,'Elmo','Mossman','emossmanpm@bloomberg.com','22.30.252.159','1976-07-22 14:05:32','1976-07-22 14:05:32'),(924,1,'Sonnnie','Binton','sbintonpn@xing.com','31.49.232.131','1973-03-04 11:06:34','1973-03-04 11:06:34'),(925,1,'Enrico','Retallack','eretallackpo@stanford.edu','133.93.108.250','1989-12-31 05:11:20','1989-12-31 05:11:20'),(926,4,'Todd','de Najera','tdenajerapp@wikispaces.com','213.189.147.108','1986-10-17 14:47:57','1986-10-17 14:47:57'),(927,8,'Riccardo','Pieroni','rpieronipq@goo.gl','80.18.18.205','1978-04-30 15:35:01','1978-04-30 15:35:01'),(928,5,'Prent','Bartolomeo','pbartolomeopr@un.org','74.112.211.189','1976-09-25 21:52:07','1976-09-25 21:52:07'),(929,5,'Neron','Laxton','nlaxtonps@go.com','30.177.82.28','1970-10-09 22:24:42','1970-10-09 22:24:42'),(930,2,'Cori','Webling','cweblingpt@indiatimes.com','77.62.136.248','1980-08-15 07:52:06','1980-08-15 07:52:06'),(931,5,'Murray','Foote','mfootepu@unblog.fr','61.190.179.66','1971-04-11 10:44:41','1971-04-11 10:44:41'),(932,1,'Danya','Nolin','dnolinpv@csmonitor.com','247.170.54.6','1989-10-08 13:32:54','1989-10-08 13:32:54'),(933,3,'Sheffie','Benton','sbentonpw@mail.ru','216.74.37.236','1981-05-24 18:13:09','1981-05-24 18:13:09'),(934,8,'Elfrida','Abrams','eabramspx@devhub.com','47.242.57.135','1991-03-08 05:33:48','1991-03-08 05:33:48'),(935,6,'Burty','Treweela','btreweelapy@miibeian.gov.cn','43.180.73.81','1973-02-16 15:38:36','1973-02-16 15:38:36'),(936,5,'Wendeline','Keppe','wkeppepz@techcrunch.com','226.138.170.213','1992-01-22 20:53:24','1992-01-22 20:53:24'),(937,6,'Kacie','Ridler','kridlerq0@wordpress.com','192.240.112.29','1986-04-01 17:15:07','1986-04-01 17:15:07'),(938,7,'Pinchas','Morgans','pmorgansq1@jiathis.com','128.107.20.64','1982-05-11 08:46:38','1982-05-11 08:46:38'),(939,3,'Milly','Pagan','mpaganq2@irs.gov','187.149.232.63','1992-10-08 07:26:01','1992-10-08 07:26:01'),(940,3,'Mala','Ielden','mieldenq3@mail.ru','106.162.112.141','1973-03-17 17:22:16','1973-03-17 17:22:16'),(941,2,'Fax','Parradye','fparradyeq4@who.int','30.0.226.9','1992-11-04 07:40:17','1992-11-04 07:40:17'),(942,5,'Brnaby','Heggman','bheggmanq5@barnesandnoble.com','253.240.133.68','1987-12-05 15:22:05','1987-12-05 15:22:05'),(943,6,'Claude','Wrout','cwroutq6@fotki.com','230.39.246.216','1999-12-15 23:35:00','1999-12-15 23:35:00'),(944,5,'Merwyn','Vazquez','mvazquezq7@drupal.org','214.35.28.45','1994-09-13 10:07:39','1994-09-13 10:07:39'),(945,5,'Vida','Dilnot','vdilnotq8@independent.co.uk','119.56.204.70','1977-08-09 20:25:35','1977-08-09 20:25:35'),(946,2,'Terrel','Shrimptone','tshrimptoneq9@chron.com','203.17.75.18','1999-08-22 10:53:35','1999-08-22 10:53:35'),(947,1,'Rosco','Doran','rdoranqa@4shared.com','107.9.163.69','1984-12-12 23:22:46','1984-12-12 23:22:46'),(948,6,'Cacilie','Bewshire','cbewshireqb@wunderground.com','19.46.33.68','1979-11-01 10:15:52','1979-11-01 10:15:52'),(949,1,'Netti','Standring','nstandringqc@blogger.com','175.53.88.179','1995-07-25 15:22:27','1995-07-25 15:22:27'),(950,7,'Lyn','McKenney','lmckenneyqd@hexun.com','167.22.40.244','1972-04-14 23:44:45','1972-04-14 23:44:45'),(951,3,'Frederik','Dionsetti','fdionsettiqe@apache.org','213.42.6.32','1995-07-06 07:47:34','1995-07-06 07:47:34'),(952,4,'Vance','Titterton','vtittertonqf@washingtonpost.com','134.1.225.128','1991-08-15 18:17:50','1991-08-15 18:17:50'),(953,3,'Gregorius','Tams','gtamsqg@cocolog-nifty.com','187.10.231.66','1982-10-13 02:35:16','1982-10-13 02:35:16'),(954,3,'Ros','Inkpen','rinkpenqh@geocities.com','246.219.59.233','1995-05-08 09:05:36','1995-05-08 09:05:36'),(955,8,'Jori','Laffan','jlaffanqi@addthis.com','223.172.251.134','1986-03-16 01:36:06','1986-03-16 01:36:06'),(956,2,'Ginelle','Heazel','gheazelqj@alexa.com','25.156.76.67','1972-11-24 17:57:08','1972-11-24 17:57:08'),(957,1,'Corissa','Botfield','cbotfieldqk@simplemachines.org','106.220.54.118','1970-04-05 08:56:59','1970-04-05 08:56:59'),(958,1,'Alisander','Calam','acalamql@mediafire.com','180.206.223.63','1991-08-15 11:15:27','1991-08-15 11:15:27'),(959,8,'Bordie','Gyves','bgyvesqm@opera.com','193.193.102.57','1971-12-19 06:21:00','1971-12-19 06:21:00'),(960,7,'Ailyn','MacCallam','amaccallamqn@geocities.jp','63.18.130.158','1993-04-25 23:20:21','1993-04-25 23:20:21'),(961,8,'Berna','Veque','bvequeqo@naver.com','169.207.9.189','1982-01-20 04:23:16','1982-01-20 04:23:16'),(962,3,'Eleonora','Bouda','eboudaqp@fastcompany.com','2.239.202.214','1993-07-20 00:17:58','1993-07-20 00:17:58'),(963,2,'Ilyssa','Galler','igallerqq@taobao.com','7.181.131.252','1972-10-25 10:36:54','1972-10-25 10:36:54'),(964,8,'Gal','Christiensen','gchristiensenqr@vistaprint.com','59.177.89.31','1979-12-09 15:01:21','1979-12-09 15:01:21'),(965,5,'Evonne','Finnick','efinnickqs@biglobe.ne.jp','253.104.48.186','1993-08-01 10:20:00','1993-08-01 10:20:00'),(966,2,'Neysa','Jackways','njackwaysqt@issuu.com','188.199.175.194','1997-05-11 01:15:58','1997-05-11 01:15:58'),(967,4,'Jordon','Giannasi','jgiannasiqu@nytimes.com','1.229.226.24','1985-10-05 22:52:45','1985-10-05 22:52:45'),(968,1,'Chen','Storrah','cstorrahqv@usgs.gov','205.230.199.93','1980-10-19 09:15:53','1980-10-19 09:15:53'),(969,8,'Orazio','Birchwood','obirchwoodqw@wiley.com','28.220.19.152','1989-03-18 21:00:30','1989-03-18 21:00:30'),(970,6,'Nata','Vakhonin','nvakhoninqx@globo.com','231.198.134.240','1986-12-07 20:04:26','1986-12-07 20:04:26'),(971,4,'Nettle','Sherebrook','nsherebrookqy@hhs.gov','0.137.220.231','1985-03-24 09:03:03','1985-03-24 09:03:03'),(972,7,'Armin','Larcier','alarcierqz@addtoany.com','42.58.82.174','1999-11-25 13:36:57','1999-11-25 13:36:57'),(973,8,'Giacobo','Alywen','galywenr0@bigcartel.com','191.137.137.32','1995-07-30 03:51:08','1995-07-30 03:51:08'),(974,6,'Vittoria','Champkin','vchampkinr1@guardian.co.uk','41.209.111.197','1979-02-25 17:33:26','1979-02-25 17:33:26'),(975,7,'Margit','Salla','msallar2@reference.com','199.79.14.101','1986-06-01 21:34:39','1986-06-01 21:34:39'),(976,3,'Adelind','Aronoff','aaronoffr3@symantec.com','36.63.49.81','1995-09-22 04:50:07','1995-09-22 04:50:07'),(977,8,'Hayyim','Roffey','hroffeyr4@soundcloud.com','255.77.166.226','1971-08-19 22:02:03','1971-08-19 22:02:03'),(978,1,'Andi','Plank','aplankr5@printfriendly.com','17.101.84.218','1978-11-12 20:28:25','1978-11-12 20:28:25'),(979,7,'Meg','Cavendish','mcavendishr6@yelp.com','95.219.142.192','1991-08-28 12:38:31','1991-08-28 12:38:31'),(980,3,'Moises','Artiss','martissr7@google.com.br','225.138.51.90','1996-09-16 03:55:49','1996-09-16 03:55:49'),(981,4,'Jae','Simister','jsimisterr8@sciencedirect.com','187.205.122.98','1989-09-23 14:21:43','1989-09-23 14:21:43'),(982,3,'Patten','Yoxen','pyoxenr9@amazonaws.com','225.58.188.57','1992-05-05 19:22:09','1992-05-05 19:22:09'),(983,8,'Gonzales','Menlove','gmenlovera@ted.com','52.12.103.254','1972-02-16 14:34:17','1972-02-16 14:34:17'),(984,3,'Allys','Luscombe','aluscomberb@cocolog-nifty.com','218.85.208.58','1992-12-27 06:23:02','1992-12-27 06:23:02'),(985,4,'Hedi','Wilden','hwildenrc@ycombinator.com','64.218.180.104','1973-03-14 19:44:32','1973-03-14 19:44:32'),(986,6,'Torey','Spruce','tsprucerd@goo.ne.jp','57.191.241.131','1999-09-12 08:46:37','1999-09-12 08:46:37'),(987,7,'Roderigo','Cuddehay','rcuddehayre@accuweather.com','45.8.121.205','1970-05-10 22:35:15','1970-05-10 22:35:15'),(988,6,'Ichabod','Beardall','ibeardallrf@upenn.edu','138.226.108.138','1994-01-15 10:50:13','1994-01-15 10:50:13'),(989,6,'Lonnie','Coburn','lcoburnrg@cbc.ca','178.251.5.85','1971-03-10 15:03:46','1971-03-10 15:03:46'),(990,1,'Bennett','McIlvenna','bmcilvennarh@1688.com','75.77.151.85','1980-10-20 09:45:11','1980-10-20 09:45:11'),(991,4,'Calla','Mattosoff','cmattosoffri@samsung.com','180.185.77.107','1999-09-30 04:52:24','1999-09-30 04:52:24'),(992,8,'Vivienne','Gorst','vgorstrj@samsung.com','74.1.16.120','1989-04-07 13:47:22','1989-04-07 13:47:22'),(993,8,'Morry','Dolder','mdolderrk@microsoft.com','76.27.201.11','1992-06-12 23:00:01','1992-06-12 23:00:01'),(994,7,'Gilda','Olenichev','golenichevrl@hatena.ne.jp','110.48.163.31','1977-11-22 08:40:06','1977-11-22 08:40:06'),(995,5,'Elsey','Meadmore','emeadmorerm@arizona.edu','141.212.157.221','1989-05-27 05:31:34','1989-05-27 05:31:34'),(996,5,'Christoper','Isaacson','cisaacsonrn@stumbleupon.com','90.170.166.102','1973-03-10 17:22:20','1973-03-10 17:22:20'),(997,1,'Nelle','Joslin','njoslinro@state.gov','116.114.205.174','1980-09-15 15:15:33','1980-09-15 15:15:33'),(998,1,'Deanna','Pardy','dpardyrp@howstuffworks.com','127.144.201.94','1990-10-01 22:27:35','1990-10-01 22:27:35'),(999,8,'Linzy','Shafe','lshaferq@addthis.com','81.56.210.151','1978-01-25 00:10:48','1978-01-25 00:10:48'),(1000,6,'Kippie','Uccelli','kuccellirr@chicagotribune.com','107.76.110.149','1990-04-14 04:07:17','1990-04-14 04:07:17');

--
-- Table structure for table `users_addresses`
--

DROP TABLE IF EXISTS `users_addresses`;
/*!40101 SET @saved_cs_client     = @@character_set_client */;
/*!50503 SET character_set_client = utf8mb4 */;
CREATE TABLE `users_addresses` (
  `id` int NOT NULL AUTO_INCREMENT,
  `user_id` int DEFAULT NULL,
  `address_id` int DEFAULT NULL,
  PRIMARY KEY (`id`),
  UNIQUE KEY `users_addresses_pk` (`user_id`,`address_id`)
) ENGINE=InnoDB AUTO_INCREMENT=69 DEFAULT CHARSET=utf8mb4 COLLATE=utf8mb4_0900_ai_ci;
/*!40101 SET character_set_client = @saved_cs_client */;

--
-- Dumping data for table `users_addresses`
--

INSERT INTO `users_addresses` VALUES (58,1,61),(22,1,394),(13,1,471),(42,1,534),(50,1,944),(54,46,427),(68,55,198),(41,85,855),(2,112,295),(52,114,332),(25,128,993),(66,131,439),(9,136,151),(3,139,807),(65,188,739),(20,190,185),(34,194,969),(28,195,303),(35,267,425),(59,268,160),(33,268,999),(14,316,165),(53,319,601),(36,327,357),(62,327,761),(1,333,422),(10,350,296),(38,350,890),(21,354,214),(46,396,988),(39,403,344),(18,422,148),(11,429,256),(44,434,811),(19,473,922),(61,489,959),(56,506,436),(40,511,524),(5,539,654),(7,556,872),(26,580,921),(31,600,535),(43,611,454),(4,620,680),(51,649,412),(6,653,303),(57,662,999),(8,692,842),(64,716,67),(48,718,204),(17,727,321),(47,752,795),(45,753,331),(67,802,692),(37,805,953),(16,822,439),(63,824,838),(27,864,557),(49,867,725),(32,877,780),(15,877,891),(29,932,748),(30,947,488),(23,950,566),(24,983,215),(12,993,199),(60,995,495),(55,996,699);
SET @@SESSION.SQL_LOG_BIN = @MYSQLDUMP_TEMP_LOG_BIN;
/*!40103 SET TIME_ZONE=@OLD_TIME_ZONE */;

/*!40101 SET SQL_MODE=@OLD_SQL_MODE */;
/*!40014 SET FOREIGN_KEY_CHECKS=@OLD_FOREIGN_KEY_CHECKS */;
/*!40014 SET UNIQUE_CHECKS=@OLD_UNIQUE_CHECKS */;
/*!40101 SET CHARACTER_SET_CLIENT=@OLD_CHARACTER_SET_CLIENT */;
/*!40101 SET CHARACTER_SET_RESULTS=@OLD_CHARACTER_SET_RESULTS */;
/*!40101 SET COLLATION_CONNECTION=@OLD_COLLATION_CONNECTION */;
/*!40111 SET SQL_NOTES=@OLD_SQL_NOTES */;

-- Dump completed on 2021-03-18 12:13:16
